Gruppe;Kennzahl;Wert;Bewertung
Versuchsdesign;Varianten-ID;Capping=500;
Zuverlaessigkeit;Runs gesamt;500;
Zuverlaessigkeit;Erfolgreiche Runs;453;
Zuverlaessigkeit;Success / Failure;90,6%;brauchbar, aber beobachtbar instabil
Zuverlaessigkeit;Durchschnittliche Fehlversuche;0,426;moderater Retry-Aufwand
Zuverlaessigkeit;Emergency-Fallback-Rate;0,0%;Fallback kaum noetig
Layout;Durchschnitt Raeume vor Capping;6,636;
Layout;Final Placed Rooms;8,562;
Layout;Sollraum-Trefferquote;99,4%;hoch / stabil
Layout;Open Sockets Pre-Cap;3,006;
Layout;Durchschnitt offene Sockets nach Capping;0,148;kleine Restprobleme
Layout;Durchschnitt Branching Factor;1,57;stark verzweigt / labyrinthartig
Layout;Durchschnitt kritischer Pfad;5,018;
Layout;Durchschnitt Nebenpfad-Raeume;1,618;
Progression;Durchschnitt Start-Boss-Distanz;4,048;Bossdistanz messbar
Progression;Boss-Distanz gueltig;100,0%;hoch / stabil
Progression;Spezialraum-Validitaet;100,0%;hoch / stabil
Performance;Gesamtdauer ms;76,146;unproblematisch
Performance;Durchschnitt Room Placement ms;29,708;
Performance;Durchschnitt Capping ms;14,743;
Performance;Durchschnitt NavMesh ms;16,487;
Performance;Durchschnitt Content Spawning ms;9,844;
Fehler;Error Cause;OpenSocketsRemainingAfterCapping (Overlap)=38, OpenSocketsRemainingAfterCapping=6, RoomLimitReachedBeforeCompletion (Overlap)=3;
Raumtypen;Cap;963;
Raumtypen;Corner;507;
Raumtypen;ThreeWay;506;
Raumtypen;Boss;497;
Raumtypen;Start;497;
Raumtypen;Crossway;492;
Raumtypen;Corridor;485;
Raumtypen;BigRoom;175;
Raumtypen;DeadEnd;159;
Generation Fehler;RoomLimitReachedBeforeCompletion;170;
Generation Fehler;OpenSocketsExhausted;43;
Placement Fehler;Overlap;9724;
Run 0;Varianten-ID;Capping;
Run 0;Success / Failure;true;Success
Run 0;Gesamtdauer ms;60,52;unproblematisch
Run 0;Final Placed Rooms;9;
Run 0;Open Sockets Pre-Cap;3;
Run 0;Error Cause;None;
Run 1;Varianten-ID;Capping;
Run 1;Success / Failure;true;Success
Run 1;Gesamtdauer ms;144,303;unproblematisch
Run 1;Final Placed Rooms;9;
Run 1;Open Sockets Pre-Cap;2;
Run 1;Error Cause;None;
Run 2;Varianten-ID;Capping;
Run 2;Success / Failure;true;Success
Run 2;Gesamtdauer ms;98,449;unproblematisch
Run 2;Final Placed Rooms;9;
Run 2;Open Sockets Pre-Cap;2;
Run 2;Error Cause;None;
Run 3;Varianten-ID;Capping;
Run 3;Success / Failure;true;Success
Run 3;Gesamtdauer ms;58,312;unproblematisch
Run 3;Final Placed Rooms;9;
Run 3;Open Sockets Pre-Cap;2;
Run 3;Error Cause;None;
Run 4;Varianten-ID;Capping;
Run 4;Success / Failure;true;Success
Run 4;Gesamtdauer ms;120,885;unproblematisch
Run 4;Final Placed Rooms;6;
Run 4;Open Sockets Pre-Cap;1;
Run 4;Error Cause;None;
Run 5;Varianten-ID;Capping;
Run 5;Success / Failure;true;Success
Run 5;Gesamtdauer ms;29,874;sehr schnell
Run 5;Final Placed Rooms;6;
Run 5;Open Sockets Pre-Cap;1;
Run 5;Error Cause;None;
Run 6;Varianten-ID;Capping;
Run 6;Success / Failure;true;Success
Run 6;Gesamtdauer ms;57,068;unproblematisch
Run 6;Final Placed Rooms;8;
Run 6;Open Sockets Pre-Cap;2;
Run 6;Error Cause;None;
Run 7;Varianten-ID;Capping;
Run 7;Success / Failure;true;Success
Run 7;Gesamtdauer ms;43,235;sehr schnell
Run 7;Final Placed Rooms;7;
Run 7;Open Sockets Pre-Cap;2;
Run 7;Error Cause;None;
Run 8;Varianten-ID;Capping;
Run 8;Success / Failure;true;Success
Run 8;Gesamtdauer ms;54,356;unproblematisch
Run 8;Final Placed Rooms;8;
Run 8;Open Sockets Pre-Cap;2;
Run 8;Error Cause;None;
Run 9;Varianten-ID;Capping;
Run 9;Success / Failure;true;Success
Run 9;Gesamtdauer ms;38,322;sehr schnell
Run 9;Final Placed Rooms;8;
Run 9;Open Sockets Pre-Cap;2;
Run 9;Error Cause;None;
Run 10;Varianten-ID;Capping;
Run 10;Success / Failure;true;Success
Run 10;Gesamtdauer ms;154,417;unproblematisch
Run 10;Final Placed Rooms;5;
Run 10;Open Sockets Pre-Cap;0;
Run 10;Error Cause;None;
Run 11;Varianten-ID;Capping;
Run 11;Success / Failure;true;Success
Run 11;Gesamtdauer ms;126,326;unproblematisch
Run 11;Final Placed Rooms;5;
Run 11;Open Sockets Pre-Cap;0;
Run 11;Error Cause;None;
Run 12;Varianten-ID;Capping;
Run 12;Success / Failure;true;Success
Run 12;Gesamtdauer ms;34,48;sehr schnell
Run 12;Final Placed Rooms;5;
Run 12;Open Sockets Pre-Cap;0;
Run 12;Error Cause;None;
Run 13;Varianten-ID;Capping;
Run 13;Success / Failure;false;Failure
Run 13;Gesamtdauer ms;277,547;spuerbar, aber fuer Offline-Generierung brauchbar
Run 13;Final Placed Rooms;12;
Run 13;Open Sockets Pre-Cap;7;
Run 13;Error Cause;OpenSocketsRemainingAfterCapping (Overlap);
Run 14;Varianten-ID;Capping;
Run 14;Success / Failure;false;Failure
Run 14;Gesamtdauer ms;231,708;unproblematisch
Run 14;Final Placed Rooms;12;
Run 14;Open Sockets Pre-Cap;7;
Run 14;Error Cause;OpenSocketsRemainingAfterCapping (Overlap);
Run 15;Varianten-ID;Capping;
Run 15;Success / Failure;true;Success
Run 15;Gesamtdauer ms;24,776;sehr schnell
Run 15;Final Placed Rooms;5;
Run 15;Open Sockets Pre-Cap;0;
Run 15;Error Cause;None;
Run 16;Varianten-ID;Capping;
Run 16;Success / Failure;true;Success
Run 16;Gesamtdauer ms;54,096;unproblematisch
Run 16;Final Placed Rooms;8;
Run 16;Open Sockets Pre-Cap;2;
Run 16;Error Cause;None;
Run 17;Varianten-ID;Capping;
Run 17;Success / Failure;true;Success
Run 17;Gesamtdauer ms;38,399;sehr schnell
Run 17;Final Placed Rooms;7;
Run 17;Open Sockets Pre-Cap;1;
Run 17;Error Cause;None;
Run 18;Varianten-ID;Capping;
Run 18;Success / Failure;true;Success
Run 18;Gesamtdauer ms;102,068;unproblematisch
Run 18;Final Placed Rooms;10;
Run 18;Open Sockets Pre-Cap;5;
Run 18;Error Cause;None;
Run 19;Varianten-ID;Capping;
Run 19;Success / Failure;true;Success
Run 19;Gesamtdauer ms;83,801;unproblematisch
Run 19;Final Placed Rooms;10;
Run 19;Open Sockets Pre-Cap;5;
Run 19;Error Cause;None;
Run 20;Varianten-ID;Capping;
Run 20;Success / Failure;true;Success
Run 20;Gesamtdauer ms;48,737;sehr schnell
Run 20;Final Placed Rooms;8;
Run 20;Open Sockets Pre-Cap;3;
Run 20;Error Cause;None;
Run 21;Varianten-ID;Capping;
Run 21;Success / Failure;false;Failure
Run 21;Gesamtdauer ms;80,181;unproblematisch
Run 21;Final Placed Rooms;13;
Run 21;Open Sockets Pre-Cap;6;
Run 21;Error Cause;OpenSocketsRemainingAfterCapping;
Run 22;Varianten-ID;Capping;
Run 22;Success / Failure;true;Success
Run 22;Gesamtdauer ms;35,673;sehr schnell
Run 22;Final Placed Rooms;6;
Run 22;Open Sockets Pre-Cap;0;
Run 22;Error Cause;None;
Run 23;Varianten-ID;Capping;
Run 23;Success / Failure;true;Success
Run 23;Gesamtdauer ms;41,569;sehr schnell
Run 23;Final Placed Rooms;7;
Run 23;Open Sockets Pre-Cap;2;
Run 23;Error Cause;None;
Run 24;Varianten-ID;Capping;
Run 24;Success / Failure;true;Success
Run 24;Gesamtdauer ms;78,598;unproblematisch
Run 24;Final Placed Rooms;8;
Run 24;Open Sockets Pre-Cap;3;
Run 24;Error Cause;None;
Run 25;Varianten-ID;Capping;
Run 25;Success / Failure;true;Success
Run 25;Gesamtdauer ms;73,692;unproblematisch
Run 25;Final Placed Rooms;8;
Run 25;Open Sockets Pre-Cap;3;
Run 25;Error Cause;None;
Run 26;Varianten-ID;Capping;
Run 26;Success / Failure;false;Failure
Run 26;Gesamtdauer ms;221,193;unproblematisch
Run 26;Final Placed Rooms;9;
Run 26;Open Sockets Pre-Cap;6;
Run 26;Error Cause;OpenSocketsRemainingAfterCapping (Overlap);
Run 27;Varianten-ID;Capping;
Run 27;Success / Failure;true;Success
Run 27;Gesamtdauer ms;35,55;sehr schnell
Run 27;Final Placed Rooms;6;
Run 27;Open Sockets Pre-Cap;0;
Run 27;Error Cause;None;
Run 28;Varianten-ID;Capping;
Run 28;Success / Failure;true;Success
Run 28;Gesamtdauer ms;87,022;unproblematisch
Run 28;Final Placed Rooms;10;
Run 28;Open Sockets Pre-Cap;5;
Run 28;Error Cause;None;
Run 29;Varianten-ID;Capping;
Run 29;Success / Failure;true;Success
Run 29;Gesamtdauer ms;188,436;unproblematisch
Run 29;Final Placed Rooms;10;
Run 29;Open Sockets Pre-Cap;3;
Run 29;Error Cause;None;
Run 30;Varianten-ID;Capping;
Run 30;Success / Failure;true;Success
Run 30;Gesamtdauer ms;140,883;unproblematisch
Run 30;Final Placed Rooms;10;
Run 30;Open Sockets Pre-Cap;3;
Run 30;Error Cause;None;
Run 31;Varianten-ID;Capping;
Run 31;Success / Failure;true;Success
Run 31;Gesamtdauer ms;99,926;unproblematisch
Run 31;Final Placed Rooms;10;
Run 31;Open Sockets Pre-Cap;4;
Run 31;Error Cause;None;
Run 32;Varianten-ID;Capping;
Run 32;Success / Failure;true;Success
Run 32;Gesamtdauer ms;38,809;sehr schnell
Run 32;Final Placed Rooms;6;
Run 32;Open Sockets Pre-Cap;0;
Run 32;Error Cause;None;
Run 33;Varianten-ID;Capping;
Run 33;Success / Failure;true;Success
Run 33;Gesamtdauer ms;28,717;sehr schnell
Run 33;Final Placed Rooms;5;
Run 33;Open Sockets Pre-Cap;0;
Run 33;Error Cause;None;
Run 34;Varianten-ID;Capping;
Run 34;Success / Failure;true;Success
Run 34;Gesamtdauer ms;172,539;unproblematisch
Run 34;Final Placed Rooms;8;
Run 34;Open Sockets Pre-Cap;1;
Run 34;Error Cause;None;
Run 35;Varianten-ID;Capping;
Run 35;Success / Failure;true;Success
Run 35;Gesamtdauer ms;108,927;unproblematisch
Run 35;Final Placed Rooms;8;
Run 35;Open Sockets Pre-Cap;1;
Run 35;Error Cause;None;
Run 36;Varianten-ID;Capping;
Run 36;Success / Failure;true;Success
Run 36;Gesamtdauer ms;87,634;unproblematisch
Run 36;Final Placed Rooms;7;
Run 36;Open Sockets Pre-Cap;1;
Run 36;Error Cause;None;
Run 37;Varianten-ID;Capping;
Run 37;Success / Failure;true;Success
Run 37;Gesamtdauer ms;50,46;unproblematisch
Run 37;Final Placed Rooms;7;
Run 37;Open Sockets Pre-Cap;1;
Run 37;Error Cause;None;
Run 38;Varianten-ID;Capping;
Run 38;Success / Failure;false;Failure
Run 38;Gesamtdauer ms;145,131;unproblematisch
Run 38;Final Placed Rooms;12;
Run 38;Open Sockets Pre-Cap;7;
Run 38;Error Cause;OpenSocketsRemainingAfterCapping (Overlap);
Run 39;Varianten-ID;Capping;
Run 39;Success / Failure;false;Failure
Run 39;Gesamtdauer ms;101,827;unproblematisch
Run 39;Final Placed Rooms;12;
Run 39;Open Sockets Pre-Cap;7;
Run 39;Error Cause;OpenSocketsRemainingAfterCapping (Overlap);
Run 40;Varianten-ID;Capping;
Run 40;Success / Failure;true;Success
Run 40;Gesamtdauer ms;74,975;unproblematisch
Run 40;Final Placed Rooms;11;
Run 40;Open Sockets Pre-Cap;4;
Run 40;Error Cause;None;
Run 41;Varianten-ID;Capping;
Run 41;Success / Failure;false;Failure
Run 41;Gesamtdauer ms;77,186;unproblematisch
Run 41;Final Placed Rooms;11;
Run 41;Open Sockets Pre-Cap;6;
Run 41;Error Cause;OpenSocketsRemainingAfterCapping (Overlap);
Run 42;Varianten-ID;Capping;
Run 42;Success / Failure;true;Success
Run 42;Gesamtdauer ms;47,144;sehr schnell
Run 42;Final Placed Rooms;7;
Run 42;Open Sockets Pre-Cap;0;
Run 42;Error Cause;None;
Run 43;Varianten-ID;Capping;
Run 43;Success / Failure;true;Success
Run 43;Gesamtdauer ms;123,292;unproblematisch
Run 43;Final Placed Rooms;13;
Run 43;Open Sockets Pre-Cap;4;
Run 43;Error Cause;None;
Run 44;Varianten-ID;Capping;
Run 44;Success / Failure;true;Success
Run 44;Gesamtdauer ms;110,792;unproblematisch
Run 44;Final Placed Rooms;13;
Run 44;Open Sockets Pre-Cap;4;
Run 44;Error Cause;None;
Run 45;Varianten-ID;Capping;
Run 45;Success / Failure;false;Failure
Run 45;Gesamtdauer ms;64,003;unproblematisch
Run 45;Final Placed Rooms;10;
Run 45;Open Sockets Pre-Cap;6;
Run 45;Error Cause;OpenSocketsRemainingAfterCapping (Overlap);
Run 46;Varianten-ID;Capping;
Run 46;Success / Failure;true;Success
Run 46;Gesamtdauer ms;36,269;sehr schnell
Run 46;Final Placed Rooms;7;
Run 46;Open Sockets Pre-Cap;1;
Run 46;Error Cause;None;
Run 47;Varianten-ID;Capping;
Run 47;Success / Failure;true;Success
Run 47;Gesamtdauer ms;36,932;sehr schnell
Run 47;Final Placed Rooms;9;
Run 47;Open Sockets Pre-Cap;2;
Run 47;Error Cause;None;
Run 48;Varianten-ID;Capping;
Run 48;Success / Failure;true;Success
Run 48;Gesamtdauer ms;92,766;unproblematisch
Run 48;Final Placed Rooms;5;
Run 48;Open Sockets Pre-Cap;0;
Run 48;Error Cause;None;
Run 49;Varianten-ID;Capping;
Run 49;Success / Failure;true;Success
Run 49;Gesamtdauer ms;28,251;sehr schnell
Run 49;Final Placed Rooms;5;
Run 49;Open Sockets Pre-Cap;0;
Run 49;Error Cause;None;
Run 50;Varianten-ID;Capping;
Run 50;Success / Failure;true;Success
Run 50;Gesamtdauer ms;172,301;unproblematisch
Run 50;Final Placed Rooms;10;
Run 50;Open Sockets Pre-Cap;2;
Run 50;Error Cause;None;
Run 51;Varianten-ID;Capping;
Run 51;Success / Failure;true;Success
Run 51;Gesamtdauer ms;153,306;unproblematisch
Run 51;Final Placed Rooms;10;
Run 51;Open Sockets Pre-Cap;2;
Run 51;Error Cause;None;
Run 52;Varianten-ID;Capping;
Run 52;Success / Failure;true;Success
Run 52;Gesamtdauer ms;96,985;unproblematisch
Run 52;Final Placed Rooms;10;
Run 52;Open Sockets Pre-Cap;2;
Run 52;Error Cause;None;
Run 53;Varianten-ID;Capping;
Run 53;Success / Failure;true;Success
Run 53;Gesamtdauer ms;26,246;sehr schnell
Run 53;Final Placed Rooms;5;
Run 53;Open Sockets Pre-Cap;0;
Run 53;Error Cause;None;
Run 54;Varianten-ID;Capping;
Run 54;Success / Failure;true;Success
Run 54;Gesamtdauer ms;32,567;sehr schnell
Run 54;Final Placed Rooms;6;
Run 54;Open Sockets Pre-Cap;1;
Run 54;Error Cause;None;
Run 55;Varianten-ID;Capping;
Run 55;Success / Failure;false;Failure
Run 55;Gesamtdauer ms;53,161;unproblematisch
Run 55;Final Placed Rooms;11;
Run 55;Open Sockets Pre-Cap;7;
Run 55;Error Cause;OpenSocketsRemainingAfterCapping (Overlap);
Run 56;Varianten-ID;Capping;
Run 56;Success / Failure;true;Success
Run 56;Gesamtdauer ms;63,358;unproblematisch
Run 56;Final Placed Rooms;10;
Run 56;Open Sockets Pre-Cap;4;
Run 56;Error Cause;None;
Run 57;Varianten-ID;Capping;
Run 57;Success / Failure;true;Success
Run 57;Gesamtdauer ms;54,444;unproblematisch
Run 57;Final Placed Rooms;10;
Run 57;Open Sockets Pre-Cap;5;
Run 57;Error Cause;None;
Run 58;Varianten-ID;Capping;
Run 58;Success / Failure;true;Success
Run 58;Gesamtdauer ms;33,355;sehr schnell
Run 58;Final Placed Rooms;9;
Run 58;Open Sockets Pre-Cap;3;
Run 58;Error Cause;None;
Run 59;Varianten-ID;Capping;
Run 59;Success / Failure;true;Success
Run 59;Gesamtdauer ms;131,358;unproblematisch
Run 59;Final Placed Rooms;12;
Run 59;Open Sockets Pre-Cap;5;
Run 59;Error Cause;None;
Run 60;Varianten-ID;Capping;
Run 60;Success / Failure;true;Success
Run 60;Gesamtdauer ms;52,563;unproblematisch
Run 60;Final Placed Rooms;6;
Run 60;Open Sockets Pre-Cap;1;
Run 60;Error Cause;None;
Run 61;Varianten-ID;Capping;
Run 61;Success / Failure;true;Success
Run 61;Gesamtdauer ms;43,348;sehr schnell
Run 61;Final Placed Rooms;6;
Run 61;Open Sockets Pre-Cap;1;
Run 61;Error Cause;None;
Run 62;Varianten-ID;Capping;
Run 62;Success / Failure;true;Success
Run 62;Gesamtdauer ms;50,361;unproblematisch
Run 62;Final Placed Rooms;9;
Run 62;Open Sockets Pre-Cap;4;
Run 62;Error Cause;None;
Run 63;Varianten-ID;Capping;
Run 63;Success / Failure;true;Success
Run 63;Gesamtdauer ms;59,99;unproblematisch
Run 63;Final Placed Rooms;9;
Run 63;Open Sockets Pre-Cap;3;
Run 63;Error Cause;None;
Run 64;Varianten-ID;Capping;
Run 64;Success / Failure;true;Success
Run 64;Gesamtdauer ms;49,529;sehr schnell
Run 64;Final Placed Rooms;9;
Run 64;Open Sockets Pre-Cap;3;
Run 64;Error Cause;None;
Run 65;Varianten-ID;Capping;
Run 65;Success / Failure;true;Success
Run 65;Gesamtdauer ms;63,252;unproblematisch
Run 65;Final Placed Rooms;7;
Run 65;Open Sockets Pre-Cap;4;
Run 65;Error Cause;None;
Run 66;Varianten-ID;Capping;
Run 66;Success / Failure;true;Success
Run 66;Gesamtdauer ms;71,531;unproblematisch
Run 66;Final Placed Rooms;8;
Run 66;Open Sockets Pre-Cap;3;
Run 66;Error Cause;None;
Run 67;Varianten-ID;Capping;
Run 67;Success / Failure;true;Success
Run 67;Gesamtdauer ms;54,328;unproblematisch
Run 67;Final Placed Rooms;8;
Run 67;Open Sockets Pre-Cap;3;
Run 67;Error Cause;None;
Run 68;Varianten-ID;Capping;
Run 68;Success / Failure;false;Failure
Run 68;Gesamtdauer ms;134,361;unproblematisch
Run 68;Final Placed Rooms;9;
Run 68;Open Sockets Pre-Cap;7;
Run 68;Error Cause;OpenSocketsRemainingAfterCapping (Overlap);
Run 69;Varianten-ID;Capping;
Run 69;Success / Failure;false;Failure
Run 69;Gesamtdauer ms;61,206;unproblematisch
Run 69;Final Placed Rooms;9;
Run 69;Open Sockets Pre-Cap;7;
Run 69;Error Cause;OpenSocketsRemainingAfterCapping;
Run 70;Varianten-ID;Capping;
Run 70;Success / Failure;true;Success
Run 70;Gesamtdauer ms;58,19;unproblematisch
Run 70;Final Placed Rooms;9;
Run 70;Open Sockets Pre-Cap;3;
Run 70;Error Cause;None;
Run 71;Varianten-ID;Capping;
Run 71;Success / Failure;true;Success
Run 71;Gesamtdauer ms;35,295;sehr schnell
Run 71;Final Placed Rooms;7;
Run 71;Open Sockets Pre-Cap;2;
Run 71;Error Cause;None;
Run 72;Varianten-ID;Capping;
Run 72;Success / Failure;true;Success
Run 72;Gesamtdauer ms;105,671;unproblematisch
Run 72;Final Placed Rooms;10;
Run 72;Open Sockets Pre-Cap;3;
Run 72;Error Cause;None;
Run 73;Varianten-ID;Capping;
Run 73;Success / Failure;true;Success
Run 73;Gesamtdauer ms;40,843;sehr schnell
Run 73;Final Placed Rooms;10;
Run 73;Open Sockets Pre-Cap;3;
Run 73;Error Cause;None;
Run 74;Varianten-ID;Capping;
Run 74;Success / Failure;false;Failure
Run 74;Gesamtdauer ms;152,206;unproblematisch
Run 74;Final Placed Rooms;12;
Run 74;Open Sockets Pre-Cap;6;
Run 74;Error Cause;OpenSocketsRemainingAfterCapping (Overlap);
Run 75;Varianten-ID;Capping;
Run 75;Success / Failure;true;Success
Run 75;Gesamtdauer ms;41,622;sehr schnell
Run 75;Final Placed Rooms;8;
Run 75;Open Sockets Pre-Cap;3;
Run 75;Error Cause;None;
Run 76;Varianten-ID;Capping;
Run 76;Success / Failure;true;Success
Run 76;Gesamtdauer ms;44,773;sehr schnell
Run 76;Final Placed Rooms;12;
Run 76;Open Sockets Pre-Cap;5;
Run 76;Error Cause;None;
Run 77;Varianten-ID;Capping;
Run 77;Success / Failure;true;Success
Run 77;Gesamtdauer ms;120,296;unproblematisch
Run 77;Final Placed Rooms;6;
Run 77;Open Sockets Pre-Cap;1;
Run 77;Error Cause;None;
Run 78;Varianten-ID;Capping;
Run 78;Success / Failure;true;Success
Run 78;Gesamtdauer ms;116,489;unproblematisch
Run 78;Final Placed Rooms;6;
Run 78;Open Sockets Pre-Cap;1;
Run 78;Error Cause;None;
Run 79;Varianten-ID;Capping;
Run 79;Success / Failure;true;Success
Run 79;Gesamtdauer ms;112,635;unproblematisch
Run 79;Final Placed Rooms;6;
Run 79;Open Sockets Pre-Cap;1;
Run 79;Error Cause;None;
Run 80;Varianten-ID;Capping;
Run 80;Success / Failure;true;Success
Run 80;Gesamtdauer ms;78,555;unproblematisch
Run 80;Final Placed Rooms;6;
Run 80;Open Sockets Pre-Cap;1;
Run 80;Error Cause;None;
Run 81;Varianten-ID;Capping;
Run 81;Success / Failure;true;Success
Run 81;Gesamtdauer ms;137,767;unproblematisch
Run 81;Final Placed Rooms;12;
Run 81;Open Sockets Pre-Cap;4;
Run 81;Error Cause;None;
Run 82;Varianten-ID;Capping;
Run 82;Success / Failure;true;Success
Run 82;Gesamtdauer ms;55,615;unproblematisch
Run 82;Final Placed Rooms;7;
Run 82;Open Sockets Pre-Cap;3;
Run 82;Error Cause;None;
Run 83;Varianten-ID;Capping;
Run 83;Success / Failure;true;Success
Run 83;Gesamtdauer ms;46,469;sehr schnell
Run 83;Final Placed Rooms;7;
Run 83;Open Sockets Pre-Cap;3;
Run 83;Error Cause;None;
Run 84;Varianten-ID;Capping;
Run 84;Success / Failure;true;Success
Run 84;Gesamtdauer ms;28,096;sehr schnell
Run 84;Final Placed Rooms;5;
Run 84;Open Sockets Pre-Cap;0;
Run 84;Error Cause;None;
Run 85;Varianten-ID;Capping;
Run 85;Success / Failure;true;Success
Run 85;Gesamtdauer ms;80,693;unproblematisch
Run 85;Final Placed Rooms;10;
Run 85;Open Sockets Pre-Cap;3;
Run 85;Error Cause;None;
Run 86;Varianten-ID;Capping;
Run 86;Success / Failure;true;Success
Run 86;Gesamtdauer ms;71,525;unproblematisch
Run 86;Final Placed Rooms;6;
Run 86;Open Sockets Pre-Cap;2;
Run 86;Error Cause;None;
Run 87;Varianten-ID;Capping;
Run 87;Success / Failure;true;Success
Run 87;Gesamtdauer ms;51,422;unproblematisch
Run 87;Final Placed Rooms;9;
Run 87;Open Sockets Pre-Cap;2;
Run 87;Error Cause;None;
Run 88;Varianten-ID;Capping;
Run 88;Success / Failure;true;Success
Run 88;Gesamtdauer ms;47,056;sehr schnell
Run 88;Final Placed Rooms;6;
Run 88;Open Sockets Pre-Cap;2;
Run 88;Error Cause;None;
Run 89;Varianten-ID;Capping;
Run 89;Success / Failure;true;Success
Run 89;Gesamtdauer ms;77,526;unproblematisch
Run 89;Final Placed Rooms;8;
Run 89;Open Sockets Pre-Cap;3;
Run 89;Error Cause;None;
Run 90;Varianten-ID;Capping;
Run 90;Success / Failure;true;Success
Run 90;Gesamtdauer ms;37,059;sehr schnell
Run 90;Final Placed Rooms;9;
Run 90;Open Sockets Pre-Cap;3;
Run 90;Error Cause;None;
Run 91;Varianten-ID;Capping;
Run 91;Success / Failure;true;Success
Run 91;Gesamtdauer ms;90,029;unproblematisch
Run 91;Final Placed Rooms;10;
Run 91;Open Sockets Pre-Cap;5;
Run 91;Error Cause;None;
Run 92;Varianten-ID;Capping;
Run 92;Success / Failure;true;Success
Run 92;Gesamtdauer ms;130,336;unproblematisch
Run 92;Final Placed Rooms;13;
Run 92;Open Sockets Pre-Cap;6;
Run 92;Error Cause;None;
Run 93;Varianten-ID;Capping;
Run 93;Success / Failure;true;Success
Run 93;Gesamtdauer ms;77,394;unproblematisch
Run 93;Final Placed Rooms;7;
Run 93;Open Sockets Pre-Cap;2;
Run 93;Error Cause;None;
Run 94;Varianten-ID;Capping;
Run 94;Success / Failure;true;Success
Run 94;Gesamtdauer ms;213,105;unproblematisch
Run 94;Final Placed Rooms;10;
Run 94;Open Sockets Pre-Cap;3;
Run 94;Error Cause;None;
Run 95;Varianten-ID;Capping;
Run 95;Success / Failure;true;Success
Run 95;Gesamtdauer ms;181,811;unproblematisch
Run 95;Final Placed Rooms;10;
Run 95;Open Sockets Pre-Cap;3;
Run 95;Error Cause;None;
Run 96;Varianten-ID;Capping;
Run 96;Success / Failure;true;Success
Run 96;Gesamtdauer ms;156,729;unproblematisch
Run 96;Final Placed Rooms;10;
Run 96;Open Sockets Pre-Cap;3;
Run 96;Error Cause;None;
Run 97;Varianten-ID;Capping;
Run 97;Success / Failure;true;Success
Run 97;Gesamtdauer ms;75,266;unproblematisch
Run 97;Final Placed Rooms;10;
Run 97;Open Sockets Pre-Cap;3;
Run 97;Error Cause;None;
Run 98;Varianten-ID;Capping;
Run 98;Success / Failure;true;Success
Run 98;Gesamtdauer ms;174,076;unproblematisch
Run 98;Final Placed Rooms;7;
Run 98;Open Sockets Pre-Cap;3;
Run 98;Error Cause;None;
Run 99;Varianten-ID;Capping;
Run 99;Success / Failure;true;Success
Run 99;Gesamtdauer ms;127,222;unproblematisch
Run 99;Final Placed Rooms;7;
Run 99;Open Sockets Pre-Cap;3;
Run 99;Error Cause;None;
Run 100;Varianten-ID;Capping;
Run 100;Success / Failure;true;Success
Run 100;Gesamtdauer ms;80,549;unproblematisch
Run 100;Final Placed Rooms;7;
Run 100;Open Sockets Pre-Cap;3;
Run 100;Error Cause;None;
Run 101;Varianten-ID;Capping;
Run 101;Success / Failure;true;Success
Run 101;Gesamtdauer ms;72,381;unproblematisch
Run 101;Final Placed Rooms;7;
Run 101;Open Sockets Pre-Cap;3;
Run 101;Error Cause;None;
Run 102;Varianten-ID;Capping;
Run 102;Success / Failure;false;Failure
Run 102;Gesamtdauer ms;113,556;unproblematisch
Run 102;Final Placed Rooms;0;
Run 102;Open Sockets Pre-Cap;-1;
Run 102;Error Cause;RoomLimitReachedBeforeCompletion (Overlap);
Run 103;Varianten-ID;Capping;
Run 103;Success / Failure;true;Success
Run 103;Gesamtdauer ms;126,446;unproblematisch
Run 103;Final Placed Rooms;8;
Run 103;Open Sockets Pre-Cap;4;
Run 103;Error Cause;None;
Run 104;Varianten-ID;Capping;
Run 104;Success / Failure;true;Success
Run 104;Gesamtdauer ms;99,207;unproblematisch
Run 104;Final Placed Rooms;8;
Run 104;Open Sockets Pre-Cap;4;
Run 104;Error Cause;None;
Run 105;Varianten-ID;Capping;
Run 105;Success / Failure;true;Success
Run 105;Gesamtdauer ms;73,761;unproblematisch
Run 105;Final Placed Rooms;8;
Run 105;Open Sockets Pre-Cap;4;
Run 105;Error Cause;None;
Run 106;Varianten-ID;Capping;
Run 106;Success / Failure;true;Success
Run 106;Gesamtdauer ms;53,358;unproblematisch
Run 106;Final Placed Rooms;8;
Run 106;Open Sockets Pre-Cap;4;
Run 106;Error Cause;None;
Run 107;Varianten-ID;Capping;
Run 107;Success / Failure;true;Success
Run 107;Gesamtdauer ms;40,566;sehr schnell
Run 107;Final Placed Rooms;13;
Run 107;Open Sockets Pre-Cap;4;
Run 107;Error Cause;None;
Run 108;Varianten-ID;Capping;
Run 108;Success / Failure;true;Success
Run 108;Gesamtdauer ms;29,575;sehr schnell
Run 108;Final Placed Rooms;7;
Run 108;Open Sockets Pre-Cap;1;
Run 108;Error Cause;None;
Run 109;Varianten-ID;Capping;
Run 109;Success / Failure;true;Success
Run 109;Gesamtdauer ms;34,929;sehr schnell
Run 109;Final Placed Rooms;7;
Run 109;Open Sockets Pre-Cap;2;
Run 109;Error Cause;None;
Run 110;Varianten-ID;Capping;
Run 110;Success / Failure;true;Success
Run 110;Gesamtdauer ms;48,38;sehr schnell
Run 110;Final Placed Rooms;9;
Run 110;Open Sockets Pre-Cap;3;
Run 110;Error Cause;None;
Run 111;Varianten-ID;Capping;
Run 111;Success / Failure;false;Failure
Run 111;Gesamtdauer ms;212,202;unproblematisch
Run 111;Final Placed Rooms;9;
Run 111;Open Sockets Pre-Cap;6;
Run 111;Error Cause;OpenSocketsRemainingAfterCapping (Overlap);
Run 112;Varianten-ID;Capping;
Run 112;Success / Failure;false;Failure
Run 112;Gesamtdauer ms;178,88;unproblematisch
Run 112;Final Placed Rooms;9;
Run 112;Open Sockets Pre-Cap;6;
Run 112;Error Cause;OpenSocketsRemainingAfterCapping (Overlap);
Run 113;Varianten-ID;Capping;
Run 113;Success / Failure;false;Failure
Run 113;Gesamtdauer ms;107,595;unproblematisch
Run 113;Final Placed Rooms;9;
Run 113;Open Sockets Pre-Cap;6;
Run 113;Error Cause;OpenSocketsRemainingAfterCapping (Overlap);
Run 114;Varianten-ID;Capping;
Run 114;Success / Failure;true;Success
Run 114;Gesamtdauer ms;111,698;unproblematisch
Run 114;Final Placed Rooms;7;
Run 114;Open Sockets Pre-Cap;2;
Run 114;Error Cause;None;
Run 115;Varianten-ID;Capping;
Run 115;Success / Failure;true;Success
Run 115;Gesamtdauer ms;86,322;unproblematisch
Run 115;Final Placed Rooms;7;
Run 115;Open Sockets Pre-Cap;2;
Run 115;Error Cause;None;
Run 116;Varianten-ID;Capping;
Run 116;Success / Failure;true;Success
Run 116;Gesamtdauer ms;42,415;sehr schnell
Run 116;Final Placed Rooms;7;
Run 116;Open Sockets Pre-Cap;2;
Run 116;Error Cause;None;
Run 117;Varianten-ID;Capping;
Run 117;Success / Failure;true;Success
Run 117;Gesamtdauer ms;72,007;unproblematisch
Run 117;Final Placed Rooms;10;
Run 117;Open Sockets Pre-Cap;4;
Run 117;Error Cause;None;
Run 118;Varianten-ID;Capping;
Run 118;Success / Failure;true;Success
Run 118;Gesamtdauer ms;62,326;unproblematisch
Run 118;Final Placed Rooms;10;
Run 118;Open Sockets Pre-Cap;4;
Run 118;Error Cause;None;
Run 119;Varianten-ID;Capping;
Run 119;Success / Failure;true;Success
Run 119;Gesamtdauer ms;56,168;unproblematisch
Run 119;Final Placed Rooms;10;
Run 119;Open Sockets Pre-Cap;4;
Run 119;Error Cause;None;
Run 120;Varianten-ID;Capping;
Run 120;Success / Failure;true;Success
Run 120;Gesamtdauer ms;50,649;unproblematisch
Run 120;Final Placed Rooms;8;
Run 120;Open Sockets Pre-Cap;3;
Run 120;Error Cause;None;
Run 121;Varianten-ID;Capping;
Run 121;Success / Failure;false;Failure
Run 121;Gesamtdauer ms;62,677;unproblematisch
Run 121;Final Placed Rooms;9;
Run 121;Open Sockets Pre-Cap;6;
Run 121;Error Cause;OpenSocketsRemainingAfterCapping;
Run 122;Varianten-ID;Capping;
Run 122;Success / Failure;true;Success
Run 122;Gesamtdauer ms;47,243;sehr schnell
Run 122;Final Placed Rooms;6;
Run 122;Open Sockets Pre-Cap;2;
Run 122;Error Cause;None;
Run 123;Varianten-ID;Capping;
Run 123;Success / Failure;true;Success
Run 123;Gesamtdauer ms;97,522;unproblematisch
Run 123;Final Placed Rooms;10;
Run 123;Open Sockets Pre-Cap;3;
Run 123;Error Cause;None;
Run 124;Varianten-ID;Capping;
Run 124;Success / Failure;true;Success
Run 124;Gesamtdauer ms;31,502;sehr schnell
Run 124;Final Placed Rooms;6;
Run 124;Open Sockets Pre-Cap;1;
Run 124;Error Cause;None;
Run 125;Varianten-ID;Capping;
Run 125;Success / Failure;true;Success
Run 125;Gesamtdauer ms;88,027;unproblematisch
Run 125;Final Placed Rooms;10;
Run 125;Open Sockets Pre-Cap;5;
Run 125;Error Cause;None;
Run 126;Varianten-ID;Capping;
Run 126;Success / Failure;true;Success
Run 126;Gesamtdauer ms;41,326;sehr schnell
Run 126;Final Placed Rooms;7;
Run 126;Open Sockets Pre-Cap;1;
Run 126;Error Cause;None;
Run 127;Varianten-ID;Capping;
Run 127;Success / Failure;false;Failure
Run 127;Gesamtdauer ms;51,931;unproblematisch
Run 127;Final Placed Rooms;12;
Run 127;Open Sockets Pre-Cap;7;
Run 127;Error Cause;OpenSocketsRemainingAfterCapping;
Run 128;Varianten-ID;Capping;
Run 128;Success / Failure;true;Success
Run 128;Gesamtdauer ms;33,698;sehr schnell
Run 128;Final Placed Rooms;6;
Run 128;Open Sockets Pre-Cap;1;
Run 128;Error Cause;None;
Run 129;Varianten-ID;Capping;
Run 129;Success / Failure;false;Failure
Run 129;Gesamtdauer ms;126,53;unproblematisch
Run 129;Final Placed Rooms;11;
Run 129;Open Sockets Pre-Cap;9;
Run 129;Error Cause;OpenSocketsRemainingAfterCapping (Overlap);
Run 130;Varianten-ID;Capping;
Run 130;Success / Failure;true;Success
Run 130;Gesamtdauer ms;61,396;unproblematisch
Run 130;Final Placed Rooms;9;
Run 130;Open Sockets Pre-Cap;4;
Run 130;Error Cause;None;
Run 131;Varianten-ID;Capping;
Run 131;Success / Failure;true;Success
Run 131;Gesamtdauer ms;48,794;sehr schnell
Run 131;Final Placed Rooms;7;
Run 131;Open Sockets Pre-Cap;3;
Run 131;Error Cause;None;
Run 132;Varianten-ID;Capping;
Run 132;Success / Failure;true;Success
Run 132;Gesamtdauer ms;35,121;sehr schnell
Run 132;Final Placed Rooms;7;
Run 132;Open Sockets Pre-Cap;1;
Run 132;Error Cause;None;
Run 133;Varianten-ID;Capping;
Run 133;Success / Failure;true;Success
Run 133;Gesamtdauer ms;36,958;sehr schnell
Run 133;Final Placed Rooms;6;
Run 133;Open Sockets Pre-Cap;1;
Run 133;Error Cause;None;
Run 134;Varianten-ID;Capping;
Run 134;Success / Failure;true;Success
Run 134;Gesamtdauer ms;35,181;sehr schnell
Run 134;Final Placed Rooms;6;
Run 134;Open Sockets Pre-Cap;0;
Run 134;Error Cause;None;
Run 135;Varianten-ID;Capping;
Run 135;Success / Failure;true;Success
Run 135;Gesamtdauer ms;32,593;sehr schnell
Run 135;Final Placed Rooms;6;
Run 135;Open Sockets Pre-Cap;0;
Run 135;Error Cause;None;
Run 136;Varianten-ID;Capping;
Run 136;Success / Failure;true;Success
Run 136;Gesamtdauer ms;49,729;sehr schnell
Run 136;Final Placed Rooms;8;
Run 136;Open Sockets Pre-Cap;3;
Run 136;Error Cause;None;
Run 137;Varianten-ID;Capping;
Run 137;Success / Failure;true;Success
Run 137;Gesamtdauer ms;38,677;sehr schnell
Run 137;Final Placed Rooms;8;
Run 137;Open Sockets Pre-Cap;3;
Run 137;Error Cause;None;
Run 138;Varianten-ID;Capping;
Run 138;Success / Failure;true;Success
Run 138;Gesamtdauer ms;67,211;unproblematisch
Run 138;Final Placed Rooms;10;
Run 138;Open Sockets Pre-Cap;4;
Run 138;Error Cause;None;
Run 139;Varianten-ID;Capping;
Run 139;Success / Failure;false;Failure
Run 139;Gesamtdauer ms;53,115;unproblematisch
Run 139;Final Placed Rooms;14;
Run 139;Open Sockets Pre-Cap;9;
Run 139;Error Cause;OpenSocketsRemainingAfterCapping (Overlap);
Run 140;Varianten-ID;Capping;
Run 140;Success / Failure;true;Success
Run 140;Gesamtdauer ms;32,481;sehr schnell
Run 140;Final Placed Rooms;7;
Run 140;Open Sockets Pre-Cap;1;
Run 140;Error Cause;None;
Run 141;Varianten-ID;Capping;
Run 141;Success / Failure;true;Success
Run 141;Gesamtdauer ms;76,965;unproblematisch
Run 141;Final Placed Rooms;8;
Run 141;Open Sockets Pre-Cap;2;
Run 141;Error Cause;None;
Run 142;Varianten-ID;Capping;
Run 142;Success / Failure;true;Success
Run 142;Gesamtdauer ms;63,074;unproblematisch
Run 142;Final Placed Rooms;8;
Run 142;Open Sockets Pre-Cap;2;
Run 142;Error Cause;None;
Run 143;Varianten-ID;Capping;
Run 143;Success / Failure;true;Success
Run 143;Gesamtdauer ms;37,528;sehr schnell
Run 143;Final Placed Rooms;8;
Run 143;Open Sockets Pre-Cap;2;
Run 143;Error Cause;None;
Run 144;Varianten-ID;Capping;
Run 144;Success / Failure;true;Success
Run 144;Gesamtdauer ms;86,127;unproblematisch
Run 144;Final Placed Rooms;7;
Run 144;Open Sockets Pre-Cap;2;
Run 144;Error Cause;None;
Run 145;Varianten-ID;Capping;
Run 145;Success / Failure;true;Success
Run 145;Gesamtdauer ms;33,922;sehr schnell
Run 145;Final Placed Rooms;7;
Run 145;Open Sockets Pre-Cap;2;
Run 145;Error Cause;None;
Run 146;Varianten-ID;Capping;
Run 146;Success / Failure;true;Success
Run 146;Gesamtdauer ms;126,005;unproblematisch
Run 146;Final Placed Rooms;9;
Run 146;Open Sockets Pre-Cap;5;
Run 146;Error Cause;None;
Run 147;Varianten-ID;Capping;
Run 147;Success / Failure;true;Success
Run 147;Gesamtdauer ms;41,936;sehr schnell
Run 147;Final Placed Rooms;9;
Run 147;Open Sockets Pre-Cap;4;
Run 147;Error Cause;None;
Run 148;Varianten-ID;Capping;
Run 148;Success / Failure;true;Success
Run 148;Gesamtdauer ms;37,691;sehr schnell
Run 148;Final Placed Rooms;8;
Run 148;Open Sockets Pre-Cap;2;
Run 148;Error Cause;None;
Run 149;Varianten-ID;Capping;
Run 149;Success / Failure;true;Success
Run 149;Gesamtdauer ms;77,792;unproblematisch
Run 149;Final Placed Rooms;6;
Run 149;Open Sockets Pre-Cap;1;
Run 149;Error Cause;None;
Run 150;Varianten-ID;Capping;
Run 150;Success / Failure;true;Success
Run 150;Gesamtdauer ms;30,92;sehr schnell
Run 150;Final Placed Rooms;6;
Run 150;Open Sockets Pre-Cap;1;
Run 150;Error Cause;None;
Run 151;Varianten-ID;Capping;
Run 151;Success / Failure;true;Success
Run 151;Gesamtdauer ms;29,8;sehr schnell
Run 151;Final Placed Rooms;6;
Run 151;Open Sockets Pre-Cap;1;
Run 151;Error Cause;None;
Run 152;Varianten-ID;Capping;
Run 152;Success / Failure;true;Success
Run 152;Gesamtdauer ms;84,019;unproblematisch
Run 152;Final Placed Rooms;9;
Run 152;Open Sockets Pre-Cap;4;
Run 152;Error Cause;None;
Run 153;Varianten-ID;Capping;
Run 153;Success / Failure;true;Success
Run 153;Gesamtdauer ms;39,017;sehr schnell
Run 153;Final Placed Rooms;7;
Run 153;Open Sockets Pre-Cap;2;
Run 153;Error Cause;None;
Run 154;Varianten-ID;Capping;
Run 154;Success / Failure;true;Success
Run 154;Gesamtdauer ms;192,039;unproblematisch
Run 154;Final Placed Rooms;5;
Run 154;Open Sockets Pre-Cap;1;
Run 154;Error Cause;None;
Run 155;Varianten-ID;Capping;
Run 155;Success / Failure;true;Success
Run 155;Gesamtdauer ms;133,438;unproblematisch
Run 155;Final Placed Rooms;5;
Run 155;Open Sockets Pre-Cap;1;
Run 155;Error Cause;None;
Run 156;Varianten-ID;Capping;
Run 156;Success / Failure;true;Success
Run 156;Gesamtdauer ms;82,562;unproblematisch
Run 156;Final Placed Rooms;5;
Run 156;Open Sockets Pre-Cap;1;
Run 156;Error Cause;None;
Run 157;Varianten-ID;Capping;
Run 157;Success / Failure;false;Failure
Run 157;Gesamtdauer ms;86,803;unproblematisch
Run 157;Final Placed Rooms;11;
Run 157;Open Sockets Pre-Cap;7;
Run 157;Error Cause;OpenSocketsRemainingAfterCapping (Overlap);
Run 158;Varianten-ID;Capping;
Run 158;Success / Failure;true;Success
Run 158;Gesamtdauer ms;96,208;unproblematisch
Run 158;Final Placed Rooms;5;
Run 158;Open Sockets Pre-Cap;0;
Run 158;Error Cause;None;
Run 159;Varianten-ID;Capping;
Run 159;Success / Failure;true;Success
Run 159;Gesamtdauer ms;27,411;sehr schnell
Run 159;Final Placed Rooms;5;
Run 159;Open Sockets Pre-Cap;0;
Run 159;Error Cause;None;
Run 160;Varianten-ID;Capping;
Run 160;Success / Failure;true;Success
Run 160;Gesamtdauer ms;229,303;unproblematisch
Run 160;Final Placed Rooms;9;
Run 160;Open Sockets Pre-Cap;4;
Run 160;Error Cause;None;
Run 161;Varianten-ID;Capping;
Run 161;Success / Failure;true;Success
Run 161;Gesamtdauer ms;170,277;unproblematisch
Run 161;Final Placed Rooms;9;
Run 161;Open Sockets Pre-Cap;4;
Run 161;Error Cause;None;
Run 162;Varianten-ID;Capping;
Run 162;Success / Failure;true;Success
Run 162;Gesamtdauer ms;124,897;unproblematisch
Run 162;Final Placed Rooms;9;
Run 162;Open Sockets Pre-Cap;4;
Run 162;Error Cause;None;
Run 163;Varianten-ID;Capping;
Run 163;Success / Failure;true;Success
Run 163;Gesamtdauer ms;76,112;unproblematisch
Run 163;Final Placed Rooms;9;
Run 163;Open Sockets Pre-Cap;5;
Run 163;Error Cause;None;
Run 164;Varianten-ID;Capping;
Run 164;Success / Failure;true;Success
Run 164;Gesamtdauer ms;81,207;unproblematisch
Run 164;Final Placed Rooms;8;
Run 164;Open Sockets Pre-Cap;5;
Run 164;Error Cause;None;
Run 165;Varianten-ID;Capping;
Run 165;Success / Failure;true;Success
Run 165;Gesamtdauer ms;29,957;sehr schnell
Run 165;Final Placed Rooms;6;
Run 165;Open Sockets Pre-Cap;1;
Run 165;Error Cause;None;
Run 166;Varianten-ID;Capping;
Run 166;Success / Failure;true;Success
Run 166;Gesamtdauer ms;46,451;sehr schnell
Run 166;Final Placed Rooms;8;
Run 166;Open Sockets Pre-Cap;2;
Run 166;Error Cause;None;
Run 167;Varianten-ID;Capping;
Run 167;Success / Failure;true;Success
Run 167;Gesamtdauer ms;64,402;unproblematisch
Run 167;Final Placed Rooms;9;
Run 167;Open Sockets Pre-Cap;5;
Run 167;Error Cause;None;
Run 168;Varianten-ID;Capping;
Run 168;Success / Failure;true;Success
Run 168;Gesamtdauer ms;49,53;sehr schnell
Run 168;Final Placed Rooms;11;
Run 168;Open Sockets Pre-Cap;3;
Run 168;Error Cause;None;
Run 169;Varianten-ID;Capping;
Run 169;Success / Failure;true;Success
Run 169;Gesamtdauer ms;119,145;unproblematisch
Run 169;Final Placed Rooms;7;
Run 169;Open Sockets Pre-Cap;4;
Run 169;Error Cause;None;
Run 170;Varianten-ID;Capping;
Run 170;Success / Failure;true;Success
Run 170;Gesamtdauer ms;72,661;unproblematisch
Run 170;Final Placed Rooms;7;
Run 170;Open Sockets Pre-Cap;4;
Run 170;Error Cause;None;
Run 171;Varianten-ID;Capping;
Run 171;Success / Failure;true;Success
Run 171;Gesamtdauer ms;62,601;unproblematisch
Run 171;Final Placed Rooms;7;
Run 171;Open Sockets Pre-Cap;4;
Run 171;Error Cause;None;
Run 172;Varianten-ID;Capping;
Run 172;Success / Failure;true;Success
Run 172;Gesamtdauer ms;60,73;unproblematisch
Run 172;Final Placed Rooms;8;
Run 172;Open Sockets Pre-Cap;3;
Run 172;Error Cause;None;
Run 173;Varianten-ID;Capping;
Run 173;Success / Failure;true;Success
Run 173;Gesamtdauer ms;57,755;unproblematisch
Run 173;Final Placed Rooms;12;
Run 173;Open Sockets Pre-Cap;3;
Run 173;Error Cause;None;
Run 174;Varianten-ID;Capping;
Run 174;Success / Failure;true;Success
Run 174;Gesamtdauer ms;27,852;sehr schnell
Run 174;Final Placed Rooms;6;
Run 174;Open Sockets Pre-Cap;1;
Run 174;Error Cause;None;
Run 175;Varianten-ID;Capping;
Run 175;Success / Failure;true;Success
Run 175;Gesamtdauer ms;169,926;unproblematisch
Run 175;Final Placed Rooms;6;
Run 175;Open Sockets Pre-Cap;1;
Run 175;Error Cause;None;
Run 176;Varianten-ID;Capping;
Run 176;Success / Failure;true;Success
Run 176;Gesamtdauer ms;69,382;unproblematisch
Run 176;Final Placed Rooms;6;
Run 176;Open Sockets Pre-Cap;1;
Run 176;Error Cause;None;
Run 177;Varianten-ID;Capping;
Run 177;Success / Failure;true;Success
Run 177;Gesamtdauer ms;31,043;sehr schnell
Run 177;Final Placed Rooms;6;
Run 177;Open Sockets Pre-Cap;1;
Run 177;Error Cause;None;
Run 178;Varianten-ID;Capping;
Run 178;Success / Failure;true;Success
Run 178;Gesamtdauer ms;92,875;unproblematisch
Run 178;Final Placed Rooms;8;
Run 178;Open Sockets Pre-Cap;1;
Run 178;Error Cause;None;
Run 179;Varianten-ID;Capping;
Run 179;Success / Failure;true;Success
Run 179;Gesamtdauer ms;39,218;sehr schnell
Run 179;Final Placed Rooms;8;
Run 179;Open Sockets Pre-Cap;1;
Run 179;Error Cause;None;
Run 180;Varianten-ID;Capping;
Run 180;Success / Failure;true;Success
Run 180;Gesamtdauer ms;54,304;unproblematisch
Run 180;Final Placed Rooms;11;
Run 180;Open Sockets Pre-Cap;3;
Run 180;Error Cause;None;
Run 181;Varianten-ID;Capping;
Run 181;Success / Failure;true;Success
Run 181;Gesamtdauer ms;92,568;unproblematisch
Run 181;Final Placed Rooms;10;
Run 181;Open Sockets Pre-Cap;4;
Run 181;Error Cause;None;
Run 182;Varianten-ID;Capping;
Run 182;Success / Failure;true;Success
Run 182;Gesamtdauer ms;28,997;sehr schnell
Run 182;Final Placed Rooms;6;
Run 182;Open Sockets Pre-Cap;0;
Run 182;Error Cause;None;
Run 183;Varianten-ID;Capping;
Run 183;Success / Failure;false;Failure
Run 183;Gesamtdauer ms;99,027;unproblematisch
Run 183;Final Placed Rooms;12;
Run 183;Open Sockets Pre-Cap;6;
Run 183;Error Cause;OpenSocketsRemainingAfterCapping (Overlap);
Run 184;Varianten-ID;Capping;
Run 184;Success / Failure;false;Failure
Run 184;Gesamtdauer ms;65,721;unproblematisch
Run 184;Final Placed Rooms;12;
Run 184;Open Sockets Pre-Cap;6;
Run 184;Error Cause;OpenSocketsRemainingAfterCapping (Overlap);
Run 185;Varianten-ID;Capping;
Run 185;Success / Failure;true;Success
Run 185;Gesamtdauer ms;67,944;unproblematisch
Run 185;Final Placed Rooms;7;
Run 185;Open Sockets Pre-Cap;4;
Run 185;Error Cause;None;
Run 186;Varianten-ID;Capping;
Run 186;Success / Failure;true;Success
Run 186;Gesamtdauer ms;43,031;sehr schnell
Run 186;Final Placed Rooms;7;
Run 186;Open Sockets Pre-Cap;2;
Run 186;Error Cause;None;
Run 187;Varianten-ID;Capping;
Run 187;Success / Failure;true;Success
Run 187;Gesamtdauer ms;156,157;unproblematisch
Run 187;Final Placed Rooms;13;
Run 187;Open Sockets Pre-Cap;5;
Run 187;Error Cause;None;
Run 188;Varianten-ID;Capping;
Run 188;Success / Failure;true;Success
Run 188;Gesamtdauer ms;105,465;unproblematisch
Run 188;Final Placed Rooms;13;
Run 188;Open Sockets Pre-Cap;5;
Run 188;Error Cause;None;
Run 189;Varianten-ID;Capping;
Run 189;Success / Failure;true;Success
Run 189;Gesamtdauer ms;48,507;sehr schnell
Run 189;Final Placed Rooms;8;
Run 189;Open Sockets Pre-Cap;2;
Run 189;Error Cause;None;
Run 190;Varianten-ID;Capping;
Run 190;Success / Failure;true;Success
Run 190;Gesamtdauer ms;38,736;sehr schnell
Run 190;Final Placed Rooms;8;
Run 190;Open Sockets Pre-Cap;2;
Run 190;Error Cause;None;
Run 191;Varianten-ID;Capping;
Run 191;Success / Failure;true;Success
Run 191;Gesamtdauer ms;47,012;sehr schnell
Run 191;Final Placed Rooms;8;
Run 191;Open Sockets Pre-Cap;2;
Run 191;Error Cause;None;
Run 192;Varianten-ID;Capping;
Run 192;Success / Failure;true;Success
Run 192;Gesamtdauer ms;72,415;unproblematisch
Run 192;Final Placed Rooms;8;
Run 192;Open Sockets Pre-Cap;3;
Run 192;Error Cause;None;
Run 193;Varianten-ID;Capping;
Run 193;Success / Failure;true;Success
Run 193;Gesamtdauer ms;31,083;sehr schnell
Run 193;Final Placed Rooms;7;
Run 193;Open Sockets Pre-Cap;1;
Run 193;Error Cause;None;
Run 194;Varianten-ID;Capping;
Run 194;Success / Failure;true;Success
Run 194;Gesamtdauer ms;67,602;unproblematisch
Run 194;Final Placed Rooms;8;
Run 194;Open Sockets Pre-Cap;3;
Run 194;Error Cause;None;
Run 195;Varianten-ID;Capping;
Run 195;Success / Failure;true;Success
Run 195;Gesamtdauer ms;119,568;unproblematisch
Run 195;Final Placed Rooms;12;
Run 195;Open Sockets Pre-Cap;4;
Run 195;Error Cause;None;
Run 196;Varianten-ID;Capping;
Run 196;Success / Failure;true;Success
Run 196;Gesamtdauer ms;88,707;unproblematisch
Run 196;Final Placed Rooms;12;
Run 196;Open Sockets Pre-Cap;4;
Run 196;Error Cause;None;
Run 197;Varianten-ID;Capping;
Run 197;Success / Failure;false;Failure
Run 197;Gesamtdauer ms;128,624;unproblematisch
Run 197;Final Placed Rooms;11;
Run 197;Open Sockets Pre-Cap;6;
Run 197;Error Cause;OpenSocketsRemainingAfterCapping (Overlap);
Run 198;Varianten-ID;Capping;
Run 198;Success / Failure;true;Success
Run 198;Gesamtdauer ms;118,133;unproblematisch
Run 198;Final Placed Rooms;9;
Run 198;Open Sockets Pre-Cap;1;
Run 198;Error Cause;None;
Run 199;Varianten-ID;Capping;
Run 199;Success / Failure;true;Success
Run 199;Gesamtdauer ms;46,203;sehr schnell
Run 199;Final Placed Rooms;9;
Run 199;Open Sockets Pre-Cap;1;
Run 199;Error Cause;None;
Run 200;Varianten-ID;Capping;
Run 200;Success / Failure;true;Success
Run 200;Gesamtdauer ms;57,083;unproblematisch
Run 200;Final Placed Rooms;7;
Run 200;Open Sockets Pre-Cap;1;
Run 200;Error Cause;None;
Run 201;Varianten-ID;Capping;
Run 201;Success / Failure;true;Success
Run 201;Gesamtdauer ms;51,968;unproblematisch
Run 201;Final Placed Rooms;8;
Run 201;Open Sockets Pre-Cap;2;
Run 201;Error Cause;None;
Run 202;Varianten-ID;Capping;
Run 202;Success / Failure;false;Failure
Run 202;Gesamtdauer ms;148,228;unproblematisch
Run 202;Final Placed Rooms;12;
Run 202;Open Sockets Pre-Cap;6;
Run 202;Error Cause;OpenSocketsRemainingAfterCapping (Overlap);
Run 203;Varianten-ID;Capping;
Run 203;Success / Failure;true;Success
Run 203;Gesamtdauer ms;72,432;unproblematisch
Run 203;Final Placed Rooms;8;
Run 203;Open Sockets Pre-Cap;3;
Run 203;Error Cause;None;
Run 204;Varianten-ID;Capping;
Run 204;Success / Failure;false;Failure
Run 204;Gesamtdauer ms;88,018;unproblematisch
Run 204;Final Placed Rooms;11;
Run 204;Open Sockets Pre-Cap;6;
Run 204;Error Cause;OpenSocketsRemainingAfterCapping (Overlap);
Run 205;Varianten-ID;Capping;
Run 205;Success / Failure;false;Failure
Run 205;Gesamtdauer ms;53,464;unproblematisch
Run 205;Final Placed Rooms;11;
Run 205;Open Sockets Pre-Cap;6;
Run 205;Error Cause;OpenSocketsRemainingAfterCapping (Overlap);
Run 206;Varianten-ID;Capping;
Run 206;Success / Failure;true;Success
Run 206;Gesamtdauer ms;127,895;unproblematisch
Run 206;Final Placed Rooms;11;
Run 206;Open Sockets Pre-Cap;4;
Run 206;Error Cause;None;
Run 207;Varianten-ID;Capping;
Run 207;Success / Failure;true;Success
Run 207;Gesamtdauer ms;112,842;unproblematisch
Run 207;Final Placed Rooms;11;
Run 207;Open Sockets Pre-Cap;4;
Run 207;Error Cause;None;
Run 208;Varianten-ID;Capping;
Run 208;Success / Failure;true;Success
Run 208;Gesamtdauer ms;106,426;unproblematisch
Run 208;Final Placed Rooms;11;
Run 208;Open Sockets Pre-Cap;4;
Run 208;Error Cause;None;
Run 209;Varianten-ID;Capping;
Run 209;Success / Failure;true;Success
Run 209;Gesamtdauer ms;43,433;sehr schnell
Run 209;Final Placed Rooms;6;
Run 209;Open Sockets Pre-Cap;2;
Run 209;Error Cause;None;
Run 210;Varianten-ID;Capping;
Run 210;Success / Failure;true;Success
Run 210;Gesamtdauer ms;94,101;unproblematisch
Run 210;Final Placed Rooms;8;
Run 210;Open Sockets Pre-Cap;4;
Run 210;Error Cause;None;
Run 211;Varianten-ID;Capping;
Run 211;Success / Failure;true;Success
Run 211;Gesamtdauer ms;65,161;unproblematisch
Run 211;Final Placed Rooms;8;
Run 211;Open Sockets Pre-Cap;4;
Run 211;Error Cause;None;
Run 212;Varianten-ID;Capping;
Run 212;Success / Failure;true;Success
Run 212;Gesamtdauer ms;50,52;unproblematisch
Run 212;Final Placed Rooms;8;
Run 212;Open Sockets Pre-Cap;4;
Run 212;Error Cause;None;
Run 213;Varianten-ID;Capping;
Run 213;Success / Failure;true;Success
Run 213;Gesamtdauer ms;108,756;unproblematisch
Run 213;Final Placed Rooms;13;
Run 213;Open Sockets Pre-Cap;4;
Run 213;Error Cause;None;
Run 214;Varianten-ID;Capping;
Run 214;Success / Failure;true;Success
Run 214;Gesamtdauer ms;54,095;unproblematisch
Run 214;Final Placed Rooms;13;
Run 214;Open Sockets Pre-Cap;4;
Run 214;Error Cause;None;
Run 215;Varianten-ID;Capping;
Run 215;Success / Failure;false;Failure
Run 215;Gesamtdauer ms;112,123;unproblematisch
Run 215;Final Placed Rooms;12;
Run 215;Open Sockets Pre-Cap;6;
Run 215;Error Cause;OpenSocketsRemainingAfterCapping (Overlap);
Run 216;Varianten-ID;Capping;
Run 216;Success / Failure;true;Success
Run 216;Gesamtdauer ms;38,804;sehr schnell
Run 216;Final Placed Rooms;7;
Run 216;Open Sockets Pre-Cap;1;
Run 216;Error Cause;None;
Run 217;Varianten-ID;Capping;
Run 217;Success / Failure;true;Success
Run 217;Gesamtdauer ms;89,291;unproblematisch
Run 217;Final Placed Rooms;7;
Run 217;Open Sockets Pre-Cap;1;
Run 217;Error Cause;None;
Run 218;Varianten-ID;Capping;
Run 218;Success / Failure;true;Success
Run 218;Gesamtdauer ms;81,916;unproblematisch
Run 218;Final Placed Rooms;7;
Run 218;Open Sockets Pre-Cap;1;
Run 218;Error Cause;None;
Run 219;Varianten-ID;Capping;
Run 219;Success / Failure;true;Success
Run 219;Gesamtdauer ms;51,143;unproblematisch
Run 219;Final Placed Rooms;6;
Run 219;Open Sockets Pre-Cap;1;
Run 219;Error Cause;None;
Run 220;Varianten-ID;Capping;
Run 220;Success / Failure;true;Success
Run 220;Gesamtdauer ms;37,966;sehr schnell
Run 220;Final Placed Rooms;6;
Run 220;Open Sockets Pre-Cap;1;
Run 220;Error Cause;None;
Run 221;Varianten-ID;Capping;
Run 221;Success / Failure;true;Success
Run 221;Gesamtdauer ms;73,682;unproblematisch
Run 221;Final Placed Rooms;8;
Run 221;Open Sockets Pre-Cap;3;
Run 221;Error Cause;None;
Run 222;Varianten-ID;Capping;
Run 222;Success / Failure;true;Success
Run 222;Gesamtdauer ms;60,346;unproblematisch
Run 222;Final Placed Rooms;8;
Run 222;Open Sockets Pre-Cap;3;
Run 222;Error Cause;None;
Run 223;Varianten-ID;Capping;
Run 223;Success / Failure;true;Success
Run 223;Gesamtdauer ms;37,722;sehr schnell
Run 223;Final Placed Rooms;8;
Run 223;Open Sockets Pre-Cap;3;
Run 223;Error Cause;None;
Run 224;Varianten-ID;Capping;
Run 224;Success / Failure;true;Success
Run 224;Gesamtdauer ms;52,515;unproblematisch
Run 224;Final Placed Rooms;9;
Run 224;Open Sockets Pre-Cap;4;
Run 224;Error Cause;None;
Run 225;Varianten-ID;Capping;
Run 225;Success / Failure;true;Success
Run 225;Gesamtdauer ms;49,192;sehr schnell
Run 225;Final Placed Rooms;7;
Run 225;Open Sockets Pre-Cap;3;
Run 225;Error Cause;None;
Run 226;Varianten-ID;Capping;
Run 226;Success / Failure;true;Success
Run 226;Gesamtdauer ms;109,207;unproblematisch
Run 226;Final Placed Rooms;5;
Run 226;Open Sockets Pre-Cap;0;
Run 226;Error Cause;None;
Run 227;Varianten-ID;Capping;
Run 227;Success / Failure;true;Success
Run 227;Gesamtdauer ms;75,589;unproblematisch
Run 227;Final Placed Rooms;5;
Run 227;Open Sockets Pre-Cap;0;
Run 227;Error Cause;None;
Run 228;Varianten-ID;Capping;
Run 228;Success / Failure;true;Success
Run 228;Gesamtdauer ms;25,797;sehr schnell
Run 228;Final Placed Rooms;5;
Run 228;Open Sockets Pre-Cap;0;
Run 228;Error Cause;None;
Run 229;Varianten-ID;Capping;
Run 229;Success / Failure;true;Success
Run 229;Gesamtdauer ms;52,326;unproblematisch
Run 229;Final Placed Rooms;7;
Run 229;Open Sockets Pre-Cap;3;
Run 229;Error Cause;None;
Run 230;Varianten-ID;Capping;
Run 230;Success / Failure;true;Success
Run 230;Gesamtdauer ms;62,466;unproblematisch
Run 230;Final Placed Rooms;9;
Run 230;Open Sockets Pre-Cap;4;
Run 230;Error Cause;None;
Run 231;Varianten-ID;Capping;
Run 231;Success / Failure;true;Success
Run 231;Gesamtdauer ms;68,939;unproblematisch
Run 231;Final Placed Rooms;11;
Run 231;Open Sockets Pre-Cap;5;
Run 231;Error Cause;None;
Run 232;Varianten-ID;Capping;
Run 232;Success / Failure;true;Success
Run 232;Gesamtdauer ms;41,939;sehr schnell
Run 232;Final Placed Rooms;10;
Run 232;Open Sockets Pre-Cap;2;
Run 232;Error Cause;None;
Run 233;Varianten-ID;Capping;
Run 233;Success / Failure;true;Success
Run 233;Gesamtdauer ms;236,516;unproblematisch
Run 233;Final Placed Rooms;6;
Run 233;Open Sockets Pre-Cap;2;
Run 233;Error Cause;None;
Run 234;Varianten-ID;Capping;
Run 234;Success / Failure;true;Success
Run 234;Gesamtdauer ms;136,292;unproblematisch
Run 234;Final Placed Rooms;6;
Run 234;Open Sockets Pre-Cap;2;
Run 234;Error Cause;None;
Run 235;Varianten-ID;Capping;
Run 235;Success / Failure;true;Success
Run 235;Gesamtdauer ms;46,225;sehr schnell
Run 235;Final Placed Rooms;6;
Run 235;Open Sockets Pre-Cap;2;
Run 235;Error Cause;None;
Run 236;Varianten-ID;Capping;
Run 236;Success / Failure;true;Success
Run 236;Gesamtdauer ms;207,221;unproblematisch
Run 236;Final Placed Rooms;13;
Run 236;Open Sockets Pre-Cap;5;
Run 236;Error Cause;None;
Run 237;Varianten-ID;Capping;
Run 237;Success / Failure;true;Success
Run 237;Gesamtdauer ms;133,31;unproblematisch
Run 237;Final Placed Rooms;13;
Run 237;Open Sockets Pre-Cap;5;
Run 237;Error Cause;None;
Run 238;Varianten-ID;Capping;
Run 238;Success / Failure;true;Success
Run 238;Gesamtdauer ms;73,587;unproblematisch
Run 238;Final Placed Rooms;7;
Run 238;Open Sockets Pre-Cap;2;
Run 238;Error Cause;None;
Run 239;Varianten-ID;Capping;
Run 239;Success / Failure;true;Success
Run 239;Gesamtdauer ms;49,421;sehr schnell
Run 239;Final Placed Rooms;9;
Run 239;Open Sockets Pre-Cap;4;
Run 239;Error Cause;None;
Run 240;Varianten-ID;Capping;
Run 240;Success / Failure;true;Success
Run 240;Gesamtdauer ms;51,548;unproblematisch
Run 240;Final Placed Rooms;11;
Run 240;Open Sockets Pre-Cap;4;
Run 240;Error Cause;None;
Run 241;Varianten-ID;Capping;
Run 241;Success / Failure;true;Success
Run 241;Gesamtdauer ms;98,105;unproblematisch
Run 241;Final Placed Rooms;8;
Run 241;Open Sockets Pre-Cap;3;
Run 241;Error Cause;None;
Run 242;Varianten-ID;Capping;
Run 242;Success / Failure;true;Success
Run 242;Gesamtdauer ms;48,631;sehr schnell
Run 242;Final Placed Rooms;8;
Run 242;Open Sockets Pre-Cap;3;
Run 242;Error Cause;None;
Run 243;Varianten-ID;Capping;
Run 243;Success / Failure;true;Success
Run 243;Gesamtdauer ms;136,64;unproblematisch
Run 243;Final Placed Rooms;12;
Run 243;Open Sockets Pre-Cap;4;
Run 243;Error Cause;None;
Run 244;Varianten-ID;Capping;
Run 244;Success / Failure;true;Success
Run 244;Gesamtdauer ms;82,37;unproblematisch
Run 244;Final Placed Rooms;12;
Run 244;Open Sockets Pre-Cap;4;
Run 244;Error Cause;None;
Run 245;Varianten-ID;Capping;
Run 245;Success / Failure;true;Success
Run 245;Gesamtdauer ms;74,98;unproblematisch
Run 245;Final Placed Rooms;12;
Run 245;Open Sockets Pre-Cap;4;
Run 245;Error Cause;None;
Run 246;Varianten-ID;Capping;
Run 246;Success / Failure;false;Failure
Run 246;Gesamtdauer ms;79,881;unproblematisch
Run 246;Final Placed Rooms;14;
Run 246;Open Sockets Pre-Cap;9;
Run 246;Error Cause;OpenSocketsRemainingAfterCapping (Overlap);
Run 247;Varianten-ID;Capping;
Run 247;Success / Failure;true;Success
Run 247;Gesamtdauer ms;29,057;sehr schnell
Run 247;Final Placed Rooms;6;
Run 247;Open Sockets Pre-Cap;1;
Run 247;Error Cause;None;
Run 248;Varianten-ID;Capping;
Run 248;Success / Failure;true;Success
Run 248;Gesamtdauer ms;47,131;sehr schnell
Run 248;Final Placed Rooms;10;
Run 248;Open Sockets Pre-Cap;4;
Run 248;Error Cause;None;
Run 249;Varianten-ID;Capping;
Run 249;Success / Failure;true;Success
Run 249;Gesamtdauer ms;70,1;unproblematisch
Run 249;Final Placed Rooms;11;
Run 249;Open Sockets Pre-Cap;6;
Run 249;Error Cause;None;
Run 250;Varianten-ID;Capping;
Run 250;Success / Failure;true;Success
Run 250;Gesamtdauer ms;87,312;unproblematisch
Run 250;Final Placed Rooms;6;
Run 250;Open Sockets Pre-Cap;2;
Run 250;Error Cause;None;
Run 251;Varianten-ID;Capping;
Run 251;Success / Failure;true;Success
Run 251;Gesamtdauer ms;71,023;unproblematisch
Run 251;Final Placed Rooms;6;
Run 251;Open Sockets Pre-Cap;2;
Run 251;Error Cause;None;
Run 252;Varianten-ID;Capping;
Run 252;Success / Failure;true;Success
Run 252;Gesamtdauer ms;132,788;unproblematisch
Run 252;Final Placed Rooms;10;
Run 252;Open Sockets Pre-Cap;3;
Run 252;Error Cause;None;
Run 253;Varianten-ID;Capping;
Run 253;Success / Failure;true;Success
Run 253;Gesamtdauer ms;39,765;sehr schnell
Run 253;Final Placed Rooms;8;
Run 253;Open Sockets Pre-Cap;3;
Run 253;Error Cause;None;
Run 254;Varianten-ID;Capping;
Run 254;Success / Failure;false;Failure
Run 254;Gesamtdauer ms;84,392;unproblematisch
Run 254;Final Placed Rooms;10;
Run 254;Open Sockets Pre-Cap;6;
Run 254;Error Cause;OpenSocketsRemainingAfterCapping (Overlap);
Run 255;Varianten-ID;Capping;
Run 255;Success / Failure;true;Success
Run 255;Gesamtdauer ms;48,947;sehr schnell
Run 255;Final Placed Rooms;8;
Run 255;Open Sockets Pre-Cap;4;
Run 255;Error Cause;None;
Run 256;Varianten-ID;Capping;
Run 256;Success / Failure;true;Success
Run 256;Gesamtdauer ms;80,442;unproblematisch
Run 256;Final Placed Rooms;12;
Run 256;Open Sockets Pre-Cap;3;
Run 256;Error Cause;None;
Run 257;Varianten-ID;Capping;
Run 257;Success / Failure;true;Success
Run 257;Gesamtdauer ms;42,217;sehr schnell
Run 257;Final Placed Rooms;10;
Run 257;Open Sockets Pre-Cap;3;
Run 257;Error Cause;None;
Run 258;Varianten-ID;Capping;
Run 258;Success / Failure;true;Success
Run 258;Gesamtdauer ms;43,375;sehr schnell
Run 258;Final Placed Rooms;12;
Run 258;Open Sockets Pre-Cap;4;
Run 258;Error Cause;None;
Run 259;Varianten-ID;Capping;
Run 259;Success / Failure;true;Success
Run 259;Gesamtdauer ms;30,92;sehr schnell
Run 259;Final Placed Rooms;6;
Run 259;Open Sockets Pre-Cap;0;
Run 259;Error Cause;None;
Run 260;Varianten-ID;Capping;
Run 260;Success / Failure;true;Success
Run 260;Gesamtdauer ms;68,419;unproblematisch
Run 260;Final Placed Rooms;6;
Run 260;Open Sockets Pre-Cap;1;
Run 260;Error Cause;None;
Run 261;Varianten-ID;Capping;
Run 261;Success / Failure;true;Success
Run 261;Gesamtdauer ms;28,603;sehr schnell
Run 261;Final Placed Rooms;6;
Run 261;Open Sockets Pre-Cap;1;
Run 261;Error Cause;None;
Run 262;Varianten-ID;Capping;
Run 262;Success / Failure;true;Success
Run 262;Gesamtdauer ms;95,405;unproblematisch
Run 262;Final Placed Rooms;8;
Run 262;Open Sockets Pre-Cap;3;
Run 262;Error Cause;None;
Run 263;Varianten-ID;Capping;
Run 263;Success / Failure;true;Success
Run 263;Gesamtdauer ms;62,277;unproblematisch
Run 263;Final Placed Rooms;8;
Run 263;Open Sockets Pre-Cap;3;
Run 263;Error Cause;None;
Run 264;Varianten-ID;Capping;
Run 264;Success / Failure;true;Success
Run 264;Gesamtdauer ms;53,763;unproblematisch
Run 264;Final Placed Rooms;8;
Run 264;Open Sockets Pre-Cap;3;
Run 264;Error Cause;None;
Run 265;Varianten-ID;Capping;
Run 265;Success / Failure;true;Success
Run 265;Gesamtdauer ms;46,357;sehr schnell
Run 265;Final Placed Rooms;8;
Run 265;Open Sockets Pre-Cap;3;
Run 265;Error Cause;None;
Run 266;Varianten-ID;Capping;
Run 266;Success / Failure;true;Success
Run 266;Gesamtdauer ms;37,047;sehr schnell
Run 266;Final Placed Rooms;7;
Run 266;Open Sockets Pre-Cap;2;
Run 266;Error Cause;None;
Run 267;Varianten-ID;Capping;
Run 267;Success / Failure;true;Success
Run 267;Gesamtdauer ms;43,812;sehr schnell
Run 267;Final Placed Rooms;7;
Run 267;Open Sockets Pre-Cap;1;
Run 267;Error Cause;None;
Run 268;Varianten-ID;Capping;
Run 268;Success / Failure;true;Success
Run 268;Gesamtdauer ms;166,721;unproblematisch
Run 268;Final Placed Rooms;12;
Run 268;Open Sockets Pre-Cap;3;
Run 268;Error Cause;None;
Run 269;Varianten-ID;Capping;
Run 269;Success / Failure;true;Success
Run 269;Gesamtdauer ms;100,138;unproblematisch
Run 269;Final Placed Rooms;12;
Run 269;Open Sockets Pre-Cap;3;
Run 269;Error Cause;None;
Run 270;Varianten-ID;Capping;
Run 270;Success / Failure;true;Success
Run 270;Gesamtdauer ms;68,662;unproblematisch
Run 270;Final Placed Rooms;5;
Run 270;Open Sockets Pre-Cap;1;
Run 270;Error Cause;None;
Run 271;Varianten-ID;Capping;
Run 271;Success / Failure;true;Success
Run 271;Gesamtdauer ms;58,291;unproblematisch
Run 271;Final Placed Rooms;5;
Run 271;Open Sockets Pre-Cap;1;
Run 271;Error Cause;None;
Run 272;Varianten-ID;Capping;
Run 272;Success / Failure;true;Success
Run 272;Gesamtdauer ms;45,12;sehr schnell
Run 272;Final Placed Rooms;5;
Run 272;Open Sockets Pre-Cap;1;
Run 272;Error Cause;None;
Run 273;Varianten-ID;Capping;
Run 273;Success / Failure;true;Success
Run 273;Gesamtdauer ms;81,61;unproblematisch
Run 273;Final Placed Rooms;10;
Run 273;Open Sockets Pre-Cap;5;
Run 273;Error Cause;None;
Run 274;Varianten-ID;Capping;
Run 274;Success / Failure;true;Success
Run 274;Gesamtdauer ms;69,324;unproblematisch
Run 274;Final Placed Rooms;9;
Run 274;Open Sockets Pre-Cap;1;
Run 274;Error Cause;None;
Run 275;Varianten-ID;Capping;
Run 275;Success / Failure;true;Success
Run 275;Gesamtdauer ms;40,619;sehr schnell
Run 275;Final Placed Rooms;11;
Run 275;Open Sockets Pre-Cap;3;
Run 275;Error Cause;None;
Run 276;Varianten-ID;Capping;
Run 276;Success / Failure;true;Success
Run 276;Gesamtdauer ms;79,832;unproblematisch
Run 276;Final Placed Rooms;9;
Run 276;Open Sockets Pre-Cap;2;
Run 276;Error Cause;None;
Run 277;Varianten-ID;Capping;
Run 277;Success / Failure;true;Success
Run 277;Gesamtdauer ms;61,418;unproblematisch
Run 277;Final Placed Rooms;10;
Run 277;Open Sockets Pre-Cap;5;
Run 277;Error Cause;None;
Run 278;Varianten-ID;Capping;
Run 278;Success / Failure;true;Success
Run 278;Gesamtdauer ms;119,201;unproblematisch
Run 278;Final Placed Rooms;11;
Run 278;Open Sockets Pre-Cap;4;
Run 278;Error Cause;None;
Run 279;Varianten-ID;Capping;
Run 279;Success / Failure;true;Success
Run 279;Gesamtdauer ms;68,479;unproblematisch
Run 279;Final Placed Rooms;9;
Run 279;Open Sockets Pre-Cap;5;
Run 279;Error Cause;None;
Run 280;Varianten-ID;Capping;
Run 280;Success / Failure;true;Success
Run 280;Gesamtdauer ms;65,499;unproblematisch
Run 280;Final Placed Rooms;8;
Run 280;Open Sockets Pre-Cap;0;
Run 280;Error Cause;None;
Run 281;Varianten-ID;Capping;
Run 281;Success / Failure;true;Success
Run 281;Gesamtdauer ms;39,183;sehr schnell
Run 281;Final Placed Rooms;8;
Run 281;Open Sockets Pre-Cap;0;
Run 281;Error Cause;None;
Run 282;Varianten-ID;Capping;
Run 282;Success / Failure;true;Success
Run 282;Gesamtdauer ms;29,868;sehr schnell
Run 282;Final Placed Rooms;7;
Run 282;Open Sockets Pre-Cap;2;
Run 282;Error Cause;None;
Run 283;Varianten-ID;Capping;
Run 283;Success / Failure;true;Success
Run 283;Gesamtdauer ms;35,336;sehr schnell
Run 283;Final Placed Rooms;6;
Run 283;Open Sockets Pre-Cap;1;
Run 283;Error Cause;None;
Run 284;Varianten-ID;Capping;
Run 284;Success / Failure;true;Success
Run 284;Gesamtdauer ms;99,321;unproblematisch
Run 284;Final Placed Rooms;8;
Run 284;Open Sockets Pre-Cap;4;
Run 284;Error Cause;None;
Run 285;Varianten-ID;Capping;
Run 285;Success / Failure;true;Success
Run 285;Gesamtdauer ms;58,838;unproblematisch
Run 285;Final Placed Rooms;8;
Run 285;Open Sockets Pre-Cap;4;
Run 285;Error Cause;None;
Run 286;Varianten-ID;Capping;
Run 286;Success / Failure;true;Success
Run 286;Gesamtdauer ms;56,334;unproblematisch
Run 286;Final Placed Rooms;11;
Run 286;Open Sockets Pre-Cap;4;
Run 286;Error Cause;None;
Run 287;Varianten-ID;Capping;
Run 287;Success / Failure;true;Success
Run 287;Gesamtdauer ms;52,283;unproblematisch
Run 287;Final Placed Rooms;8;
Run 287;Open Sockets Pre-Cap;2;
Run 287;Error Cause;None;
Run 288;Varianten-ID;Capping;
Run 288;Success / Failure;true;Success
Run 288;Gesamtdauer ms;45,88;sehr schnell
Run 288;Final Placed Rooms;9;
Run 288;Open Sockets Pre-Cap;2;
Run 288;Error Cause;None;
Run 289;Varianten-ID;Capping;
Run 289;Success / Failure;true;Success
Run 289;Gesamtdauer ms;102,001;unproblematisch
Run 289;Final Placed Rooms;10;
Run 289;Open Sockets Pre-Cap;4;
Run 289;Error Cause;None;
Run 290;Varianten-ID;Capping;
Run 290;Success / Failure;true;Success
Run 290;Gesamtdauer ms;65,165;unproblematisch
Run 290;Final Placed Rooms;10;
Run 290;Open Sockets Pre-Cap;4;
Run 290;Error Cause;None;
Run 291;Varianten-ID;Capping;
Run 291;Success / Failure;true;Success
Run 291;Gesamtdauer ms;31,621;sehr schnell
Run 291;Final Placed Rooms;7;
Run 291;Open Sockets Pre-Cap;0;
Run 291;Error Cause;None;
Run 292;Varianten-ID;Capping;
Run 292;Success / Failure;true;Success
Run 292;Gesamtdauer ms;28,764;sehr schnell
Run 292;Final Placed Rooms;5;
Run 292;Open Sockets Pre-Cap;0;
Run 292;Error Cause;None;
Run 293;Varianten-ID;Capping;
Run 293;Success / Failure;false;Failure
Run 293;Gesamtdauer ms;165,722;unproblematisch
Run 293;Final Placed Rooms;13;
Run 293;Open Sockets Pre-Cap;8;
Run 293;Error Cause;OpenSocketsRemainingAfterCapping (Overlap);
Run 294;Varianten-ID;Capping;
Run 294;Success / Failure;true;Success
Run 294;Gesamtdauer ms;56,653;unproblematisch
Run 294;Final Placed Rooms;9;
Run 294;Open Sockets Pre-Cap;4;
Run 294;Error Cause;None;
Run 295;Varianten-ID;Capping;
Run 295;Success / Failure;true;Success
Run 295;Gesamtdauer ms;89,6;unproblematisch
Run 295;Final Placed Rooms;8;
Run 295;Open Sockets Pre-Cap;5;
Run 295;Error Cause;None;
Run 296;Varianten-ID;Capping;
Run 296;Success / Failure;true;Success
Run 296;Gesamtdauer ms;133,312;unproblematisch
Run 296;Final Placed Rooms;8;
Run 296;Open Sockets Pre-Cap;3;
Run 296;Error Cause;None;
Run 297;Varianten-ID;Capping;
Run 297;Success / Failure;true;Success
Run 297;Gesamtdauer ms;76,235;unproblematisch
Run 297;Final Placed Rooms;8;
Run 297;Open Sockets Pre-Cap;3;
Run 297;Error Cause;None;
Run 298;Varianten-ID;Capping;
Run 298;Success / Failure;true;Success
Run 298;Gesamtdauer ms;46,02;sehr schnell
Run 298;Final Placed Rooms;8;
Run 298;Open Sockets Pre-Cap;3;
Run 298;Error Cause;None;
Run 299;Varianten-ID;Capping;
Run 299;Success / Failure;true;Success
Run 299;Gesamtdauer ms;89,151;unproblematisch
Run 299;Final Placed Rooms;10;
Run 299;Open Sockets Pre-Cap;3;
Run 299;Error Cause;None;
Run 300;Varianten-ID;Capping;
Run 300;Success / Failure;true;Success
Run 300;Gesamtdauer ms;136,454;unproblematisch
Run 300;Final Placed Rooms;8;
Run 300;Open Sockets Pre-Cap;3;
Run 300;Error Cause;None;
Run 301;Varianten-ID;Capping;
Run 301;Success / Failure;true;Success
Run 301;Gesamtdauer ms;127,695;unproblematisch
Run 301;Final Placed Rooms;8;
Run 301;Open Sockets Pre-Cap;3;
Run 301;Error Cause;None;
Run 302;Varianten-ID;Capping;
Run 302;Success / Failure;true;Success
Run 302;Gesamtdauer ms;92,814;unproblematisch
Run 302;Final Placed Rooms;8;
Run 302;Open Sockets Pre-Cap;3;
Run 302;Error Cause;None;
Run 303;Varianten-ID;Capping;
Run 303;Success / Failure;true;Success
Run 303;Gesamtdauer ms;52,997;unproblematisch
Run 303;Final Placed Rooms;8;
Run 303;Open Sockets Pre-Cap;3;
Run 303;Error Cause;None;
Run 304;Varianten-ID;Capping;
Run 304;Success / Failure;true;Success
Run 304;Gesamtdauer ms;93,06;unproblematisch
Run 304;Final Placed Rooms;8;
Run 304;Open Sockets Pre-Cap;2;
Run 304;Error Cause;None;
Run 305;Varianten-ID;Capping;
Run 305;Success / Failure;true;Success
Run 305;Gesamtdauer ms;133,289;unproblematisch
Run 305;Final Placed Rooms;10;
Run 305;Open Sockets Pre-Cap;5;
Run 305;Error Cause;None;
Run 306;Varianten-ID;Capping;
Run 306;Success / Failure;true;Success
Run 306;Gesamtdauer ms;82,736;unproblematisch
Run 306;Final Placed Rooms;10;
Run 306;Open Sockets Pre-Cap;5;
Run 306;Error Cause;None;
Run 307;Varianten-ID;Capping;
Run 307;Success / Failure;true;Success
Run 307;Gesamtdauer ms;73,049;unproblematisch
Run 307;Final Placed Rooms;10;
Run 307;Open Sockets Pre-Cap;5;
Run 307;Error Cause;None;
Run 308;Varianten-ID;Capping;
Run 308;Success / Failure;true;Success
Run 308;Gesamtdauer ms;45,754;sehr schnell
Run 308;Final Placed Rooms;12;
Run 308;Open Sockets Pre-Cap;3;
Run 308;Error Cause;None;
Run 309;Varianten-ID;Capping;
Run 309;Success / Failure;true;Success
Run 309;Gesamtdauer ms;45,551;sehr schnell
Run 309;Final Placed Rooms;9;
Run 309;Open Sockets Pre-Cap;4;
Run 309;Error Cause;None;
Run 310;Varianten-ID;Capping;
Run 310;Success / Failure;true;Success
Run 310;Gesamtdauer ms;32,05;sehr schnell
Run 310;Final Placed Rooms;7;
Run 310;Open Sockets Pre-Cap;1;
Run 310;Error Cause;None;
Run 311;Varianten-ID;Capping;
Run 311;Success / Failure;true;Success
Run 311;Gesamtdauer ms;121,659;unproblematisch
Run 311;Final Placed Rooms;9;
Run 311;Open Sockets Pre-Cap;7;
Run 311;Error Cause;None;
Run 312;Varianten-ID;Capping;
Run 312;Success / Failure;true;Success
Run 312;Gesamtdauer ms;32,597;sehr schnell
Run 312;Final Placed Rooms;6;
Run 312;Open Sockets Pre-Cap;0;
Run 312;Error Cause;None;
Run 313;Varianten-ID;Capping;
Run 313;Success / Failure;true;Success
Run 313;Gesamtdauer ms;48,76;sehr schnell
Run 313;Final Placed Rooms;6;
Run 313;Open Sockets Pre-Cap;2;
Run 313;Error Cause;None;
Run 314;Varianten-ID;Capping;
Run 314;Success / Failure;true;Success
Run 314;Gesamtdauer ms;137,405;unproblematisch
Run 314;Final Placed Rooms;10;
Run 314;Open Sockets Pre-Cap;1;
Run 314;Error Cause;None;
Run 315;Varianten-ID;Capping;
Run 315;Success / Failure;true;Success
Run 315;Gesamtdauer ms;67,811;unproblematisch
Run 315;Final Placed Rooms;10;
Run 315;Open Sockets Pre-Cap;1;
Run 315;Error Cause;None;
Run 316;Varianten-ID;Capping;
Run 316;Success / Failure;true;Success
Run 316;Gesamtdauer ms;38,76;sehr schnell
Run 316;Final Placed Rooms;7;
Run 316;Open Sockets Pre-Cap;2;
Run 316;Error Cause;None;
Run 317;Varianten-ID;Capping;
Run 317;Success / Failure;true;Success
Run 317;Gesamtdauer ms;40,095;sehr schnell
Run 317;Final Placed Rooms;9;
Run 317;Open Sockets Pre-Cap;3;
Run 317;Error Cause;None;
Run 318;Varianten-ID;Capping;
Run 318;Success / Failure;false;Failure
Run 318;Gesamtdauer ms;128,448;unproblematisch
Run 318;Final Placed Rooms;0;
Run 318;Open Sockets Pre-Cap;-1;
Run 318;Error Cause;RoomLimitReachedBeforeCompletion (Overlap);
Run 319;Varianten-ID;Capping;
Run 319;Success / Failure;true;Success
Run 319;Gesamtdauer ms;123,075;unproblematisch
Run 319;Final Placed Rooms;6;
Run 319;Open Sockets Pre-Cap;2;
Run 319;Error Cause;None;
Run 320;Varianten-ID;Capping;
Run 320;Success / Failure;true;Success
Run 320;Gesamtdauer ms;96,083;unproblematisch
Run 320;Final Placed Rooms;6;
Run 320;Open Sockets Pre-Cap;2;
Run 320;Error Cause;None;
Run 321;Varianten-ID;Capping;
Run 321;Success / Failure;true;Success
Run 321;Gesamtdauer ms;88,2;unproblematisch
Run 321;Final Placed Rooms;6;
Run 321;Open Sockets Pre-Cap;2;
Run 321;Error Cause;None;
Run 322;Varianten-ID;Capping;
Run 322;Success / Failure;true;Success
Run 322;Gesamtdauer ms;46,401;sehr schnell
Run 322;Final Placed Rooms;6;
Run 322;Open Sockets Pre-Cap;2;
Run 322;Error Cause;None;
Run 323;Varianten-ID;Capping;
Run 323;Success / Failure;true;Success
Run 323;Gesamtdauer ms;70,72;unproblematisch
Run 323;Final Placed Rooms;6;
Run 323;Open Sockets Pre-Cap;2;
Run 323;Error Cause;None;
Run 324;Varianten-ID;Capping;
Run 324;Success / Failure;true;Success
Run 324;Gesamtdauer ms;31,809;sehr schnell
Run 324;Final Placed Rooms;7;
Run 324;Open Sockets Pre-Cap;2;
Run 324;Error Cause;None;
Run 325;Varianten-ID;Capping;
Run 325;Success / Failure;true;Success
Run 325;Gesamtdauer ms;35,163;sehr schnell
Run 325;Final Placed Rooms;9;
Run 325;Open Sockets Pre-Cap;3;
Run 325;Error Cause;None;
Run 326;Varianten-ID;Capping;
Run 326;Success / Failure;true;Success
Run 326;Gesamtdauer ms;103,063;unproblematisch
Run 326;Final Placed Rooms;12;
Run 326;Open Sockets Pre-Cap;4;
Run 326;Error Cause;None;
Run 327;Varianten-ID;Capping;
Run 327;Success / Failure;true;Success
Run 327;Gesamtdauer ms;96,372;unproblematisch
Run 327;Final Placed Rooms;12;
Run 327;Open Sockets Pre-Cap;4;
Run 327;Error Cause;None;
Run 328;Varianten-ID;Capping;
Run 328;Success / Failure;false;Failure
Run 328;Gesamtdauer ms;56,927;unproblematisch
Run 328;Final Placed Rooms;9;
Run 328;Open Sockets Pre-Cap;6;
Run 328;Error Cause;OpenSocketsRemainingAfterCapping;
Run 329;Varianten-ID;Capping;
Run 329;Success / Failure;true;Success
Run 329;Gesamtdauer ms;92,741;unproblematisch
Run 329;Final Placed Rooms;10;
Run 329;Open Sockets Pre-Cap;5;
Run 329;Error Cause;None;
Run 330;Varianten-ID;Capping;
Run 330;Success / Failure;true;Success
Run 330;Gesamtdauer ms;81,076;unproblematisch
Run 330;Final Placed Rooms;10;
Run 330;Open Sockets Pre-Cap;5;
Run 330;Error Cause;None;
Run 331;Varianten-ID;Capping;
Run 331;Success / Failure;true;Success
Run 331;Gesamtdauer ms;96,708;unproblematisch
Run 331;Final Placed Rooms;7;
Run 331;Open Sockets Pre-Cap;4;
Run 331;Error Cause;None;
Run 332;Varianten-ID;Capping;
Run 332;Success / Failure;true;Success
Run 332;Gesamtdauer ms;53,994;unproblematisch
Run 332;Final Placed Rooms;8;
Run 332;Open Sockets Pre-Cap;3;
Run 332;Error Cause;None;
Run 333;Varianten-ID;Capping;
Run 333;Success / Failure;true;Success
Run 333;Gesamtdauer ms;65,801;unproblematisch
Run 333;Final Placed Rooms;8;
Run 333;Open Sockets Pre-Cap;3;
Run 333;Error Cause;None;
Run 334;Varianten-ID;Capping;
Run 334;Success / Failure;true;Success
Run 334;Gesamtdauer ms;133,526;unproblematisch
Run 334;Final Placed Rooms;12;
Run 334;Open Sockets Pre-Cap;5;
Run 334;Error Cause;None;
Run 335;Varianten-ID;Capping;
Run 335;Success / Failure;true;Success
Run 335;Gesamtdauer ms;32,89;sehr schnell
Run 335;Final Placed Rooms;7;
Run 335;Open Sockets Pre-Cap;2;
Run 335;Error Cause;None;
Run 336;Varianten-ID;Capping;
Run 336;Success / Failure;true;Success
Run 336;Gesamtdauer ms;148,563;unproblematisch
Run 336;Final Placed Rooms;10;
Run 336;Open Sockets Pre-Cap;4;
Run 336;Error Cause;None;
Run 337;Varianten-ID;Capping;
Run 337;Success / Failure;true;Success
Run 337;Gesamtdauer ms;102,299;unproblematisch
Run 337;Final Placed Rooms;10;
Run 337;Open Sockets Pre-Cap;4;
Run 337;Error Cause;None;
Run 338;Varianten-ID;Capping;
Run 338;Success / Failure;true;Success
Run 338;Gesamtdauer ms;62,993;unproblematisch
Run 338;Final Placed Rooms;10;
Run 338;Open Sockets Pre-Cap;4;
Run 338;Error Cause;None;
Run 339;Varianten-ID;Capping;
Run 339;Success / Failure;true;Success
Run 339;Gesamtdauer ms;38,394;sehr schnell
Run 339;Final Placed Rooms;7;
Run 339;Open Sockets Pre-Cap;2;
Run 339;Error Cause;None;
Run 340;Varianten-ID;Capping;
Run 340;Success / Failure;true;Success
Run 340;Gesamtdauer ms;35,595;sehr schnell
Run 340;Final Placed Rooms;7;
Run 340;Open Sockets Pre-Cap;2;
Run 340;Error Cause;None;
Run 341;Varianten-ID;Capping;
Run 341;Success / Failure;true;Success
Run 341;Gesamtdauer ms;52,677;unproblematisch
Run 341;Final Placed Rooms;11;
Run 341;Open Sockets Pre-Cap;4;
Run 341;Error Cause;None;
Run 342;Varianten-ID;Capping;
Run 342;Success / Failure;true;Success
Run 342;Gesamtdauer ms;83,712;unproblematisch
Run 342;Final Placed Rooms;8;
Run 342;Open Sockets Pre-Cap;2;
Run 342;Error Cause;None;
Run 343;Varianten-ID;Capping;
Run 343;Success / Failure;true;Success
Run 343;Gesamtdauer ms;53,521;unproblematisch
Run 343;Final Placed Rooms;8;
Run 343;Open Sockets Pre-Cap;2;
Run 343;Error Cause;None;
Run 344;Varianten-ID;Capping;
Run 344;Success / Failure;true;Success
Run 344;Gesamtdauer ms;61,263;unproblematisch
Run 344;Final Placed Rooms;12;
Run 344;Open Sockets Pre-Cap;4;
Run 344;Error Cause;None;
Run 345;Varianten-ID;Capping;
Run 345;Success / Failure;true;Success
Run 345;Gesamtdauer ms;59,047;unproblematisch
Run 345;Final Placed Rooms;8;
Run 345;Open Sockets Pre-Cap;5;
Run 345;Error Cause;None;
Run 346;Varianten-ID;Capping;
Run 346;Success / Failure;true;Success
Run 346;Gesamtdauer ms;37,908;sehr schnell
Run 346;Final Placed Rooms;7;
Run 346;Open Sockets Pre-Cap;2;
Run 346;Error Cause;None;
Run 347;Varianten-ID;Capping;
Run 347;Success / Failure;true;Success
Run 347;Gesamtdauer ms;93,112;unproblematisch
Run 347;Final Placed Rooms;8;
Run 347;Open Sockets Pre-Cap;4;
Run 347;Error Cause;None;
Run 348;Varianten-ID;Capping;
Run 348;Success / Failure;true;Success
Run 348;Gesamtdauer ms;83,52;unproblematisch
Run 348;Final Placed Rooms;8;
Run 348;Open Sockets Pre-Cap;4;
Run 348;Error Cause;None;
Run 349;Varianten-ID;Capping;
Run 349;Success / Failure;true;Success
Run 349;Gesamtdauer ms;54,619;unproblematisch
Run 349;Final Placed Rooms;8;
Run 349;Open Sockets Pre-Cap;4;
Run 349;Error Cause;None;
Run 350;Varianten-ID;Capping;
Run 350;Success / Failure;false;Failure
Run 350;Gesamtdauer ms;194,277;unproblematisch
Run 350;Final Placed Rooms;10;
Run 350;Open Sockets Pre-Cap;9;
Run 350;Error Cause;OpenSocketsRemainingAfterCapping (Overlap);
Run 351;Varianten-ID;Capping;
Run 351;Success / Failure;false;Failure
Run 351;Gesamtdauer ms;134,114;unproblematisch
Run 351;Final Placed Rooms;10;
Run 351;Open Sockets Pre-Cap;9;
Run 351;Error Cause;OpenSocketsRemainingAfterCapping (Overlap);
Run 352;Varianten-ID;Capping;
Run 352;Success / Failure;false;Failure
Run 352;Gesamtdauer ms;117,172;unproblematisch
Run 352;Final Placed Rooms;10;
Run 352;Open Sockets Pre-Cap;9;
Run 352;Error Cause;OpenSocketsRemainingAfterCapping (Overlap);
Run 353;Varianten-ID;Capping;
Run 353;Success / Failure;true;Success
Run 353;Gesamtdauer ms;118,311;unproblematisch
Run 353;Final Placed Rooms;9;
Run 353;Open Sockets Pre-Cap;3;
Run 353;Error Cause;None;
Run 354;Varianten-ID;Capping;
Run 354;Success / Failure;true;Success
Run 354;Gesamtdauer ms;58,172;unproblematisch
Run 354;Final Placed Rooms;8;
Run 354;Open Sockets Pre-Cap;3;
Run 354;Error Cause;None;
Run 355;Varianten-ID;Capping;
Run 355;Success / Failure;true;Success
Run 355;Gesamtdauer ms;75,588;unproblematisch
Run 355;Final Placed Rooms;9;
Run 355;Open Sockets Pre-Cap;1;
Run 355;Error Cause;None;
Run 356;Varianten-ID;Capping;
Run 356;Success / Failure;true;Success
Run 356;Gesamtdauer ms;89,176;unproblematisch
Run 356;Final Placed Rooms;9;
Run 356;Open Sockets Pre-Cap;4;
Run 356;Error Cause;None;
Run 357;Varianten-ID;Capping;
Run 357;Success / Failure;true;Success
Run 357;Gesamtdauer ms;142,656;unproblematisch
Run 357;Final Placed Rooms;12;
Run 357;Open Sockets Pre-Cap;6;
Run 357;Error Cause;None;
Run 358;Varianten-ID;Capping;
Run 358;Success / Failure;true;Success
Run 358;Gesamtdauer ms;146,899;unproblematisch
Run 358;Final Placed Rooms;12;
Run 358;Open Sockets Pre-Cap;6;
Run 358;Error Cause;None;
Run 359;Varianten-ID;Capping;
Run 359;Success / Failure;true;Success
Run 359;Gesamtdauer ms;45,678;sehr schnell
Run 359;Final Placed Rooms;12;
Run 359;Open Sockets Pre-Cap;2;
Run 359;Error Cause;None;
Run 360;Varianten-ID;Capping;
Run 360;Success / Failure;true;Success
Run 360;Gesamtdauer ms;89,044;unproblematisch
Run 360;Final Placed Rooms;6;
Run 360;Open Sockets Pre-Cap;1;
Run 360;Error Cause;None;
Run 361;Varianten-ID;Capping;
Run 361;Success / Failure;true;Success
Run 361;Gesamtdauer ms;30,954;sehr schnell
Run 361;Final Placed Rooms;6;
Run 361;Open Sockets Pre-Cap;1;
Run 361;Error Cause;None;
Run 362;Varianten-ID;Capping;
Run 362;Success / Failure;false;Failure
Run 362;Gesamtdauer ms;83,885;unproblematisch
Run 362;Final Placed Rooms;12;
Run 362;Open Sockets Pre-Cap;7;
Run 362;Error Cause;OpenSocketsRemainingAfterCapping (Overlap);
Run 363;Varianten-ID;Capping;
Run 363;Success / Failure;true;Success
Run 363;Gesamtdauer ms;36,93;sehr schnell
Run 363;Final Placed Rooms;8;
Run 363;Open Sockets Pre-Cap;1;
Run 363;Error Cause;None;
Run 364;Varianten-ID;Capping;
Run 364;Success / Failure;true;Success
Run 364;Gesamtdauer ms;85,144;unproblematisch
Run 364;Final Placed Rooms;8;
Run 364;Open Sockets Pre-Cap;4;
Run 364;Error Cause;None;
Run 365;Varianten-ID;Capping;
Run 365;Success / Failure;true;Success
Run 365;Gesamtdauer ms;54,735;unproblematisch
Run 365;Final Placed Rooms;8;
Run 365;Open Sockets Pre-Cap;4;
Run 365;Error Cause;None;
Run 366;Varianten-ID;Capping;
Run 366;Success / Failure;true;Success
Run 366;Gesamtdauer ms;130,666;unproblematisch
Run 366;Final Placed Rooms;9;
Run 366;Open Sockets Pre-Cap;3;
Run 366;Error Cause;None;
Run 367;Varianten-ID;Capping;
Run 367;Success / Failure;true;Success
Run 367;Gesamtdauer ms;37,271;sehr schnell
Run 367;Final Placed Rooms;9;
Run 367;Open Sockets Pre-Cap;3;
Run 367;Error Cause;None;
Run 368;Varianten-ID;Capping;
Run 368;Success / Failure;true;Success
Run 368;Gesamtdauer ms;84,624;unproblematisch
Run 368;Final Placed Rooms;7;
Run 368;Open Sockets Pre-Cap;2;
Run 368;Error Cause;None;
Run 369;Varianten-ID;Capping;
Run 369;Success / Failure;true;Success
Run 369;Gesamtdauer ms;86,236;unproblematisch
Run 369;Final Placed Rooms;7;
Run 369;Open Sockets Pre-Cap;3;
Run 369;Error Cause;None;
Run 370;Varianten-ID;Capping;
Run 370;Success / Failure;true;Success
Run 370;Gesamtdauer ms;35,504;sehr schnell
Run 370;Final Placed Rooms;9;
Run 370;Open Sockets Pre-Cap;1;
Run 370;Error Cause;None;
Run 371;Varianten-ID;Capping;
Run 371;Success / Failure;true;Success
Run 371;Gesamtdauer ms;114,695;unproblematisch
Run 371;Final Placed Rooms;7;
Run 371;Open Sockets Pre-Cap;1;
Run 371;Error Cause;None;
Run 372;Varianten-ID;Capping;
Run 372;Success / Failure;true;Success
Run 372;Gesamtdauer ms;82,967;unproblematisch
Run 372;Final Placed Rooms;6;
Run 372;Open Sockets Pre-Cap;1;
Run 372;Error Cause;None;
Run 373;Varianten-ID;Capping;
Run 373;Success / Failure;true;Success
Run 373;Gesamtdauer ms;35,228;sehr schnell
Run 373;Final Placed Rooms;6;
Run 373;Open Sockets Pre-Cap;1;
Run 373;Error Cause;None;
Run 374;Varianten-ID;Capping;
Run 374;Success / Failure;true;Success
Run 374;Gesamtdauer ms;72,304;unproblematisch
Run 374;Final Placed Rooms;8;
Run 374;Open Sockets Pre-Cap;3;
Run 374;Error Cause;None;
Run 375;Varianten-ID;Capping;
Run 375;Success / Failure;true;Success
Run 375;Gesamtdauer ms;42,128;sehr schnell
Run 375;Final Placed Rooms;8;
Run 375;Open Sockets Pre-Cap;3;
Run 375;Error Cause;None;
Run 376;Varianten-ID;Capping;
Run 376;Success / Failure;true;Success
Run 376;Gesamtdauer ms;23,776;sehr schnell
Run 376;Final Placed Rooms;5;
Run 376;Open Sockets Pre-Cap;0;
Run 376;Error Cause;None;
Run 377;Varianten-ID;Capping;
Run 377;Success / Failure;true;Success
Run 377;Gesamtdauer ms;80,433;unproblematisch
Run 377;Final Placed Rooms;6;
Run 377;Open Sockets Pre-Cap;2;
Run 377;Error Cause;None;
Run 378;Varianten-ID;Capping;
Run 378;Success / Failure;true;Success
Run 378;Gesamtdauer ms;41,997;sehr schnell
Run 378;Final Placed Rooms;6;
Run 378;Open Sockets Pre-Cap;2;
Run 378;Error Cause;None;
Run 379;Varianten-ID;Capping;
Run 379;Success / Failure;true;Success
Run 379;Gesamtdauer ms;87,377;unproblematisch
Run 379;Final Placed Rooms;7;
Run 379;Open Sockets Pre-Cap;2;
Run 379;Error Cause;None;
Run 380;Varianten-ID;Capping;
Run 380;Success / Failure;true;Success
Run 380;Gesamtdauer ms;45,752;sehr schnell
Run 380;Final Placed Rooms;7;
Run 380;Open Sockets Pre-Cap;2;
Run 380;Error Cause;None;
Run 381;Varianten-ID;Capping;
Run 381;Success / Failure;true;Success
Run 381;Gesamtdauer ms;47,896;sehr schnell
Run 381;Final Placed Rooms;10;
Run 381;Open Sockets Pre-Cap;5;
Run 381;Error Cause;None;
Run 382;Varianten-ID;Capping;
Run 382;Success / Failure;true;Success
Run 382;Gesamtdauer ms;140,895;unproblematisch
Run 382;Final Placed Rooms;14;
Run 382;Open Sockets Pre-Cap;6;
Run 382;Error Cause;None;
Run 383;Varianten-ID;Capping;
Run 383;Success / Failure;true;Success
Run 383;Gesamtdauer ms;37,184;sehr schnell
Run 383;Final Placed Rooms;7;
Run 383;Open Sockets Pre-Cap;1;
Run 383;Error Cause;None;
Run 384;Varianten-ID;Capping;
Run 384;Success / Failure;false;Failure
Run 384;Gesamtdauer ms;72,813;unproblematisch
Run 384;Final Placed Rooms;10;
Run 384;Open Sockets Pre-Cap;6;
Run 384;Error Cause;OpenSocketsRemainingAfterCapping (Overlap);
Run 385;Varianten-ID;Capping;
Run 385;Success / Failure;true;Success
Run 385;Gesamtdauer ms;78,228;unproblematisch
Run 385;Final Placed Rooms;10;
Run 385;Open Sockets Pre-Cap;1;
Run 385;Error Cause;None;
Run 386;Varianten-ID;Capping;
Run 386;Success / Failure;true;Success
Run 386;Gesamtdauer ms;97,393;unproblematisch
Run 386;Final Placed Rooms;9;
Run 386;Open Sockets Pre-Cap;3;
Run 386;Error Cause;None;
Run 387;Varianten-ID;Capping;
Run 387;Success / Failure;true;Success
Run 387;Gesamtdauer ms;55,088;unproblematisch
Run 387;Final Placed Rooms;12;
Run 387;Open Sockets Pre-Cap;5;
Run 387;Error Cause;None;
Run 388;Varianten-ID;Capping;
Run 388;Success / Failure;false;Failure
Run 388;Gesamtdauer ms;83,429;unproblematisch
Run 388;Final Placed Rooms;11;
Run 388;Open Sockets Pre-Cap;6;
Run 388;Error Cause;OpenSocketsRemainingAfterCapping (Overlap);
Run 389;Varianten-ID;Capping;
Run 389;Success / Failure;false;Failure
Run 389;Gesamtdauer ms;65,14;unproblematisch
Run 389;Final Placed Rooms;11;
Run 389;Open Sockets Pre-Cap;6;
Run 389;Error Cause;OpenSocketsRemainingAfterCapping (Overlap);
Run 390;Varianten-ID;Capping;
Run 390;Success / Failure;true;Success
Run 390;Gesamtdauer ms;102,996;unproblematisch
Run 390;Final Placed Rooms;7;
Run 390;Open Sockets Pre-Cap;2;
Run 390;Error Cause;None;
Run 391;Varianten-ID;Capping;
Run 391;Success / Failure;true;Success
Run 391;Gesamtdauer ms;88,475;unproblematisch
Run 391;Final Placed Rooms;7;
Run 391;Open Sockets Pre-Cap;2;
Run 391;Error Cause;None;
Run 392;Varianten-ID;Capping;
Run 392;Success / Failure;true;Success
Run 392;Gesamtdauer ms;34,819;sehr schnell
Run 392;Final Placed Rooms;7;
Run 392;Open Sockets Pre-Cap;2;
Run 392;Error Cause;None;
Run 393;Varianten-ID;Capping;
Run 393;Success / Failure;true;Success
Run 393;Gesamtdauer ms;85,668;unproblematisch
Run 393;Final Placed Rooms;10;
Run 393;Open Sockets Pre-Cap;1;
Run 393;Error Cause;None;
Run 394;Varianten-ID;Capping;
Run 394;Success / Failure;true;Success
Run 394;Gesamtdauer ms;78,829;unproblematisch
Run 394;Final Placed Rooms;10;
Run 394;Open Sockets Pre-Cap;1;
Run 394;Error Cause;None;
Run 395;Varianten-ID;Capping;
Run 395;Success / Failure;true;Success
Run 395;Gesamtdauer ms;47,147;sehr schnell
Run 395;Final Placed Rooms;10;
Run 395;Open Sockets Pre-Cap;1;
Run 395;Error Cause;None;
Run 396;Varianten-ID;Capping;
Run 396;Success / Failure;false;Failure
Run 396;Gesamtdauer ms;104,183;unproblematisch
Run 396;Final Placed Rooms;10;
Run 396;Open Sockets Pre-Cap;6;
Run 396;Error Cause;OpenSocketsRemainingAfterCapping (Overlap);
Run 397;Varianten-ID;Capping;
Run 397;Success / Failure;true;Success
Run 397;Gesamtdauer ms;79,192;unproblematisch
Run 397;Final Placed Rooms;8;
Run 397;Open Sockets Pre-Cap;2;
Run 397;Error Cause;None;
Run 398;Varianten-ID;Capping;
Run 398;Success / Failure;true;Success
Run 398;Gesamtdauer ms;45,46;sehr schnell
Run 398;Final Placed Rooms;8;
Run 398;Open Sockets Pre-Cap;2;
Run 398;Error Cause;None;
Run 399;Varianten-ID;Capping;
Run 399;Success / Failure;true;Success
Run 399;Gesamtdauer ms;33,374;sehr schnell
Run 399;Final Placed Rooms;8;
Run 399;Open Sockets Pre-Cap;2;
Run 399;Error Cause;None;
Run 400;Varianten-ID;Capping;
Run 400;Success / Failure;true;Success
Run 400;Gesamtdauer ms;47,778;sehr schnell
Run 400;Final Placed Rooms;12;
Run 400;Open Sockets Pre-Cap;4;
Run 400;Error Cause;None;
Run 401;Varianten-ID;Capping;
Run 401;Success / Failure;true;Success
Run 401;Gesamtdauer ms;50,344;unproblematisch
Run 401;Final Placed Rooms;7;
Run 401;Open Sockets Pre-Cap;1;
Run 401;Error Cause;None;
Run 402;Varianten-ID;Capping;
Run 402;Success / Failure;true;Success
Run 402;Gesamtdauer ms;27,947;sehr schnell
Run 402;Final Placed Rooms;6;
Run 402;Open Sockets Pre-Cap;1;
Run 402;Error Cause;None;
Run 403;Varianten-ID;Capping;
Run 403;Success / Failure;true;Success
Run 403;Gesamtdauer ms;90,169;unproblematisch
Run 403;Final Placed Rooms;7;
Run 403;Open Sockets Pre-Cap;4;
Run 403;Error Cause;None;
Run 404;Varianten-ID;Capping;
Run 404;Success / Failure;true;Success
Run 404;Gesamtdauer ms;75,813;unproblematisch
Run 404;Final Placed Rooms;8;
Run 404;Open Sockets Pre-Cap;2;
Run 404;Error Cause;None;
Run 405;Varianten-ID;Capping;
Run 405;Success / Failure;true;Success
Run 405;Gesamtdauer ms;91,583;unproblematisch
Run 405;Final Placed Rooms;9;
Run 405;Open Sockets Pre-Cap;1;
Run 405;Error Cause;None;
Run 406;Varianten-ID;Capping;
Run 406;Success / Failure;true;Success
Run 406;Gesamtdauer ms;58,528;unproblematisch
Run 406;Final Placed Rooms;9;
Run 406;Open Sockets Pre-Cap;1;
Run 406;Error Cause;None;
Run 407;Varianten-ID;Capping;
Run 407;Success / Failure;true;Success
Run 407;Gesamtdauer ms;46,559;sehr schnell
Run 407;Final Placed Rooms;9;
Run 407;Open Sockets Pre-Cap;1;
Run 407;Error Cause;None;
Run 408;Varianten-ID;Capping;
Run 408;Success / Failure;true;Success
Run 408;Gesamtdauer ms;31,696;sehr schnell
Run 408;Final Placed Rooms;9;
Run 408;Open Sockets Pre-Cap;1;
Run 408;Error Cause;None;
Run 409;Varianten-ID;Capping;
Run 409;Success / Failure;true;Success
Run 409;Gesamtdauer ms;74,19;unproblematisch
Run 409;Final Placed Rooms;13;
Run 409;Open Sockets Pre-Cap;5;
Run 409;Error Cause;None;
Run 410;Varianten-ID;Capping;
Run 410;Success / Failure;true;Success
Run 410;Gesamtdauer ms;29,165;sehr schnell
Run 410;Final Placed Rooms;5;
Run 410;Open Sockets Pre-Cap;0;
Run 410;Error Cause;None;
Run 411;Varianten-ID;Capping;
Run 411;Success / Failure;true;Success
Run 411;Gesamtdauer ms;162,125;unproblematisch
Run 411;Final Placed Rooms;9;
Run 411;Open Sockets Pre-Cap;3;
Run 411;Error Cause;None;
Run 412;Varianten-ID;Capping;
Run 412;Success / Failure;true;Success
Run 412;Gesamtdauer ms;132,992;unproblematisch
Run 412;Final Placed Rooms;9;
Run 412;Open Sockets Pre-Cap;3;
Run 412;Error Cause;None;
Run 413;Varianten-ID;Capping;
Run 413;Success / Failure;true;Success
Run 413;Gesamtdauer ms;85,42;unproblematisch
Run 413;Final Placed Rooms;9;
Run 413;Open Sockets Pre-Cap;3;
Run 413;Error Cause;None;
Run 414;Varianten-ID;Capping;
Run 414;Success / Failure;true;Success
Run 414;Gesamtdauer ms;33,875;sehr schnell
Run 414;Final Placed Rooms;5;
Run 414;Open Sockets Pre-Cap;0;
Run 414;Error Cause;None;
Run 415;Varianten-ID;Capping;
Run 415;Success / Failure;true;Success
Run 415;Gesamtdauer ms;82,438;unproblematisch
Run 415;Final Placed Rooms;6;
Run 415;Open Sockets Pre-Cap;2;
Run 415;Error Cause;None;
Run 416;Varianten-ID;Capping;
Run 416;Success / Failure;true;Success
Run 416;Gesamtdauer ms;70,411;unproblematisch
Run 416;Final Placed Rooms;7;
Run 416;Open Sockets Pre-Cap;3;
Run 416;Error Cause;None;
Run 417;Varianten-ID;Capping;
Run 417;Success / Failure;true;Success
Run 417;Gesamtdauer ms;63,884;unproblematisch
Run 417;Final Placed Rooms;7;
Run 417;Open Sockets Pre-Cap;3;
Run 417;Error Cause;None;
Run 418;Varianten-ID;Capping;
Run 418;Success / Failure;true;Success
Run 418;Gesamtdauer ms;76,384;unproblematisch
Run 418;Final Placed Rooms;12;
Run 418;Open Sockets Pre-Cap;3;
Run 418;Error Cause;None;
Run 419;Varianten-ID;Capping;
Run 419;Success / Failure;true;Success
Run 419;Gesamtdauer ms;58,738;unproblematisch
Run 419;Final Placed Rooms;8;
Run 419;Open Sockets Pre-Cap;2;
Run 419;Error Cause;None;
Run 420;Varianten-ID;Capping;
Run 420;Success / Failure;true;Success
Run 420;Gesamtdauer ms;35,197;sehr schnell
Run 420;Final Placed Rooms;8;
Run 420;Open Sockets Pre-Cap;2;
Run 420;Error Cause;None;
Run 421;Varianten-ID;Capping;
Run 421;Success / Failure;true;Success
Run 421;Gesamtdauer ms;31,694;sehr schnell
Run 421;Final Placed Rooms;5;
Run 421;Open Sockets Pre-Cap;0;
Run 421;Error Cause;None;
Run 422;Varianten-ID;Capping;
Run 422;Success / Failure;true;Success
Run 422;Gesamtdauer ms;61,872;unproblematisch
Run 422;Final Placed Rooms;7;
Run 422;Open Sockets Pre-Cap;3;
Run 422;Error Cause;None;
Run 423;Varianten-ID;Capping;
Run 423;Success / Failure;false;Failure
Run 423;Gesamtdauer ms;153,705;unproblematisch
Run 423;Final Placed Rooms;12;
Run 423;Open Sockets Pre-Cap;7;
Run 423;Error Cause;OpenSocketsRemainingAfterCapping (Overlap);
Run 424;Varianten-ID;Capping;
Run 424;Success / Failure;false;Failure
Run 424;Gesamtdauer ms;71,329;unproblematisch
Run 424;Final Placed Rooms;12;
Run 424;Open Sockets Pre-Cap;7;
Run 424;Error Cause;OpenSocketsRemainingAfterCapping (Overlap);
Run 425;Varianten-ID;Capping;
Run 425;Success / Failure;true;Success
Run 425;Gesamtdauer ms;45,464;sehr schnell
Run 425;Final Placed Rooms;8;
Run 425;Open Sockets Pre-Cap;4;
Run 425;Error Cause;None;
Run 426;Varianten-ID;Capping;
Run 426;Success / Failure;true;Success
Run 426;Gesamtdauer ms;46,752;sehr schnell
Run 426;Final Placed Rooms;7;
Run 426;Open Sockets Pre-Cap;2;
Run 426;Error Cause;None;
Run 427;Varianten-ID;Capping;
Run 427;Success / Failure;true;Success
Run 427;Gesamtdauer ms;32,497;sehr schnell
Run 427;Final Placed Rooms;8;
Run 427;Open Sockets Pre-Cap;1;
Run 427;Error Cause;None;
Run 428;Varianten-ID;Capping;
Run 428;Success / Failure;true;Success
Run 428;Gesamtdauer ms;64,223;unproblematisch
Run 428;Final Placed Rooms;9;
Run 428;Open Sockets Pre-Cap;5;
Run 428;Error Cause;None;
Run 429;Varianten-ID;Capping;
Run 429;Success / Failure;true;Success
Run 429;Gesamtdauer ms;95,466;unproblematisch
Run 429;Final Placed Rooms;10;
Run 429;Open Sockets Pre-Cap;5;
Run 429;Error Cause;None;
Run 430;Varianten-ID;Capping;
Run 430;Success / Failure;true;Success
Run 430;Gesamtdauer ms;75,873;unproblematisch
Run 430;Final Placed Rooms;10;
Run 430;Open Sockets Pre-Cap;5;
Run 430;Error Cause;None;
Run 431;Varianten-ID;Capping;
Run 431;Success / Failure;true;Success
Run 431;Gesamtdauer ms;52,991;unproblematisch
Run 431;Final Placed Rooms;10;
Run 431;Open Sockets Pre-Cap;4;
Run 431;Error Cause;None;
Run 432;Varianten-ID;Capping;
Run 432;Success / Failure;true;Success
Run 432;Gesamtdauer ms;48,183;sehr schnell
Run 432;Final Placed Rooms;8;
Run 432;Open Sockets Pre-Cap;1;
Run 432;Error Cause;None;
Run 433;Varianten-ID;Capping;
Run 433;Success / Failure;true;Success
Run 433;Gesamtdauer ms;62,919;unproblematisch
Run 433;Final Placed Rooms;7;
Run 433;Open Sockets Pre-Cap;4;
Run 433;Error Cause;None;
Run 434;Varianten-ID;Capping;
Run 434;Success / Failure;true;Success
Run 434;Gesamtdauer ms;74,226;unproblematisch
Run 434;Final Placed Rooms;13;
Run 434;Open Sockets Pre-Cap;5;
Run 434;Error Cause;None;
Run 435;Varianten-ID;Capping;
Run 435;Success / Failure;true;Success
Run 435;Gesamtdauer ms;65,251;unproblematisch
Run 435;Final Placed Rooms;13;
Run 435;Open Sockets Pre-Cap;5;
Run 435;Error Cause;None;
Run 436;Varianten-ID;Capping;
Run 436;Success / Failure;true;Success
Run 436;Gesamtdauer ms;56,909;unproblematisch
Run 436;Final Placed Rooms;12;
Run 436;Open Sockets Pre-Cap;4;
Run 436;Error Cause;None;
Run 437;Varianten-ID;Capping;
Run 437;Success / Failure;true;Success
Run 437;Gesamtdauer ms;110,164;unproblematisch
Run 437;Final Placed Rooms;9;
Run 437;Open Sockets Pre-Cap;3;
Run 437;Error Cause;None;
Run 438;Varianten-ID;Capping;
Run 438;Success / Failure;true;Success
Run 438;Gesamtdauer ms;68,041;unproblematisch
Run 438;Final Placed Rooms;10;
Run 438;Open Sockets Pre-Cap;4;
Run 438;Error Cause;None;
Run 439;Varianten-ID;Capping;
Run 439;Success / Failure;true;Success
Run 439;Gesamtdauer ms;81,457;unproblematisch
Run 439;Final Placed Rooms;10;
Run 439;Open Sockets Pre-Cap;3;
Run 439;Error Cause;None;
Run 440;Varianten-ID;Capping;
Run 440;Success / Failure;true;Success
Run 440;Gesamtdauer ms;45,891;sehr schnell
Run 440;Final Placed Rooms;10;
Run 440;Open Sockets Pre-Cap;3;
Run 440;Error Cause;None;
Run 441;Varianten-ID;Capping;
Run 441;Success / Failure;true;Success
Run 441;Gesamtdauer ms;33,34;sehr schnell
Run 441;Final Placed Rooms;6;
Run 441;Open Sockets Pre-Cap;1;
Run 441;Error Cause;None;
Run 442;Varianten-ID;Capping;
Run 442;Success / Failure;true;Success
Run 442;Gesamtdauer ms;187,899;unproblematisch
Run 442;Final Placed Rooms;9;
Run 442;Open Sockets Pre-Cap;5;
Run 442;Error Cause;None;
Run 443;Varianten-ID;Capping;
Run 443;Success / Failure;true;Success
Run 443;Gesamtdauer ms;87,779;unproblematisch
Run 443;Final Placed Rooms;9;
Run 443;Open Sockets Pre-Cap;5;
Run 443;Error Cause;None;
Run 444;Varianten-ID;Capping;
Run 444;Success / Failure;false;Failure
Run 444;Gesamtdauer ms;74,591;unproblematisch
Run 444;Final Placed Rooms;13;
Run 444;Open Sockets Pre-Cap;7;
Run 444;Error Cause;OpenSocketsRemainingAfterCapping (Overlap);
Run 445;Varianten-ID;Capping;
Run 445;Success / Failure;true;Success
Run 445;Gesamtdauer ms;105,849;unproblematisch
Run 445;Final Placed Rooms;14;
Run 445;Open Sockets Pre-Cap;5;
Run 445;Error Cause;None;
Run 446;Varianten-ID;Capping;
Run 446;Success / Failure;true;Success
Run 446;Gesamtdauer ms;68,357;unproblematisch
Run 446;Final Placed Rooms;14;
Run 446;Open Sockets Pre-Cap;5;
Run 446;Error Cause;None;
Run 447;Varianten-ID;Capping;
Run 447;Success / Failure;true;Success
Run 447;Gesamtdauer ms;39,432;sehr schnell
Run 447;Final Placed Rooms;8;
Run 447;Open Sockets Pre-Cap;2;
Run 447;Error Cause;None;
Run 448;Varianten-ID;Capping;
Run 448;Success / Failure;true;Success
Run 448;Gesamtdauer ms;95,745;unproblematisch
Run 448;Final Placed Rooms;10;
Run 448;Open Sockets Pre-Cap;5;
Run 448;Error Cause;None;
Run 449;Varianten-ID;Capping;
Run 449;Success / Failure;true;Success
Run 449;Gesamtdauer ms;65,814;unproblematisch
Run 449;Final Placed Rooms;10;
Run 449;Open Sockets Pre-Cap;5;
Run 449;Error Cause;None;
Run 450;Varianten-ID;Capping;
Run 450;Success / Failure;true;Success
Run 450;Gesamtdauer ms;41,715;sehr schnell
Run 450;Final Placed Rooms;11;
Run 450;Open Sockets Pre-Cap;2;
Run 450;Error Cause;None;
Run 451;Varianten-ID;Capping;
Run 451;Success / Failure;true;Success
Run 451;Gesamtdauer ms;134,596;unproblematisch
Run 451;Final Placed Rooms;9;
Run 451;Open Sockets Pre-Cap;3;
Run 451;Error Cause;None;
Run 452;Varianten-ID;Capping;
Run 452;Success / Failure;true;Success
Run 452;Gesamtdauer ms;66,709;unproblematisch
Run 452;Final Placed Rooms;9;
Run 452;Open Sockets Pre-Cap;3;
Run 452;Error Cause;None;
Run 453;Varianten-ID;Capping;
Run 453;Success / Failure;true;Success
Run 453;Gesamtdauer ms;40,917;sehr schnell
Run 453;Final Placed Rooms;9;
Run 453;Open Sockets Pre-Cap;3;
Run 453;Error Cause;None;
Run 454;Varianten-ID;Capping;
Run 454;Success / Failure;true;Success
Run 454;Gesamtdauer ms;108,342;unproblematisch
Run 454;Final Placed Rooms;6;
Run 454;Open Sockets Pre-Cap;3;
Run 454;Error Cause;None;
Run 455;Varianten-ID;Capping;
Run 455;Success / Failure;true;Success
Run 455;Gesamtdauer ms;52,577;unproblematisch
Run 455;Final Placed Rooms;6;
Run 455;Open Sockets Pre-Cap;2;
Run 455;Error Cause;None;
Run 456;Varianten-ID;Capping;
Run 456;Success / Failure;true;Success
Run 456;Gesamtdauer ms;57,508;unproblematisch
Run 456;Final Placed Rooms;9;
Run 456;Open Sockets Pre-Cap;4;
Run 456;Error Cause;None;
Run 457;Varianten-ID;Capping;
Run 457;Success / Failure;true;Success
Run 457;Gesamtdauer ms;83,07;unproblematisch
Run 457;Final Placed Rooms;7;
Run 457;Open Sockets Pre-Cap;3;
Run 457;Error Cause;None;
Run 458;Varianten-ID;Capping;
Run 458;Success / Failure;true;Success
Run 458;Gesamtdauer ms;32,662;sehr schnell
Run 458;Final Placed Rooms;7;
Run 458;Open Sockets Pre-Cap;0;
Run 458;Error Cause;None;
Run 459;Varianten-ID;Capping;
Run 459;Success / Failure;true;Success
Run 459;Gesamtdauer ms;112,308;unproblematisch
Run 459;Final Placed Rooms;8;
Run 459;Open Sockets Pre-Cap;3;
Run 459;Error Cause;None;
Run 460;Varianten-ID;Capping;
Run 460;Success / Failure;true;Success
Run 460;Gesamtdauer ms;54,043;unproblematisch
Run 460;Final Placed Rooms;8;
Run 460;Open Sockets Pre-Cap;3;
Run 460;Error Cause;None;
Run 461;Varianten-ID;Capping;
Run 461;Success / Failure;true;Success
Run 461;Gesamtdauer ms;78,271;unproblematisch
Run 461;Final Placed Rooms;7;
Run 461;Open Sockets Pre-Cap;3;
Run 461;Error Cause;None;
Run 462;Varianten-ID;Capping;
Run 462;Success / Failure;true;Success
Run 462;Gesamtdauer ms;50,739;unproblematisch
Run 462;Final Placed Rooms;7;
Run 462;Open Sockets Pre-Cap;2;
Run 462;Error Cause;None;
Run 463;Varianten-ID;Capping;
Run 463;Success / Failure;false;Failure
Run 463;Gesamtdauer ms;99,673;unproblematisch
Run 463;Final Placed Rooms;12;
Run 463;Open Sockets Pre-Cap;8;
Run 463;Error Cause;OpenSocketsRemainingAfterCapping (Overlap);
Run 464;Varianten-ID;Capping;
Run 464;Success / Failure;false;Failure
Run 464;Gesamtdauer ms;62,977;unproblematisch
Run 464;Final Placed Rooms;12;
Run 464;Open Sockets Pre-Cap;8;
Run 464;Error Cause;OpenSocketsRemainingAfterCapping;
Run 465;Varianten-ID;Capping;
Run 465;Success / Failure;true;Success
Run 465;Gesamtdauer ms;116,232;unproblematisch
Run 465;Final Placed Rooms;10;
Run 465;Open Sockets Pre-Cap;3;
Run 465;Error Cause;None;
Run 466;Varianten-ID;Capping;
Run 466;Success / Failure;true;Success
Run 466;Gesamtdauer ms;52,18;unproblematisch
Run 466;Final Placed Rooms;10;
Run 466;Open Sockets Pre-Cap;3;
Run 466;Error Cause;None;
Run 467;Varianten-ID;Capping;
Run 467;Success / Failure;true;Success
Run 467;Gesamtdauer ms;36,319;sehr schnell
Run 467;Final Placed Rooms;9;
Run 467;Open Sockets Pre-Cap;3;
Run 467;Error Cause;None;
Run 468;Varianten-ID;Capping;
Run 468;Success / Failure;true;Success
Run 468;Gesamtdauer ms;64,766;unproblematisch
Run 468;Final Placed Rooms;9;
Run 468;Open Sockets Pre-Cap;3;
Run 468;Error Cause;None;
Run 469;Varianten-ID;Capping;
Run 469;Success / Failure;true;Success
Run 469;Gesamtdauer ms;55,565;unproblematisch
Run 469;Final Placed Rooms;10;
Run 469;Open Sockets Pre-Cap;3;
Run 469;Error Cause;None;
Run 470;Varianten-ID;Capping;
Run 470;Success / Failure;true;Success
Run 470;Gesamtdauer ms;42,476;sehr schnell
Run 470;Final Placed Rooms;10;
Run 470;Open Sockets Pre-Cap;3;
Run 470;Error Cause;None;
Run 471;Varianten-ID;Capping;
Run 471;Success / Failure;true;Success
Run 471;Gesamtdauer ms;84,031;unproblematisch
Run 471;Final Placed Rooms;7;
Run 471;Open Sockets Pre-Cap;4;
Run 471;Error Cause;None;
Run 472;Varianten-ID;Capping;
Run 472;Success / Failure;true;Success
Run 472;Gesamtdauer ms;30,875;sehr schnell
Run 472;Final Placed Rooms;6;
Run 472;Open Sockets Pre-Cap;0;
Run 472;Error Cause;None;
Run 473;Varianten-ID;Capping;
Run 473;Success / Failure;true;Success
Run 473;Gesamtdauer ms;78,315;unproblematisch
Run 473;Final Placed Rooms;5;
Run 473;Open Sockets Pre-Cap;1;
Run 473;Error Cause;None;
Run 474;Varianten-ID;Capping;
Run 474;Success / Failure;true;Success
Run 474;Gesamtdauer ms;67,612;unproblematisch
Run 474;Final Placed Rooms;11;
Run 474;Open Sockets Pre-Cap;5;
Run 474;Error Cause;None;
Run 475;Varianten-ID;Capping;
Run 475;Success / Failure;true;Success
Run 475;Gesamtdauer ms;39,774;sehr schnell
Run 475;Final Placed Rooms;9;
Run 475;Open Sockets Pre-Cap;3;
Run 475;Error Cause;None;
Run 476;Varianten-ID;Capping;
Run 476;Success / Failure;true;Success
Run 476;Gesamtdauer ms;107,266;unproblematisch
Run 476;Final Placed Rooms;8;
Run 476;Open Sockets Pre-Cap;3;
Run 476;Error Cause;None;
Run 477;Varianten-ID;Capping;
Run 477;Success / Failure;true;Success
Run 477;Gesamtdauer ms;71,748;unproblematisch
Run 477;Final Placed Rooms;8;
Run 477;Open Sockets Pre-Cap;3;
Run 477;Error Cause;None;
Run 478;Varianten-ID;Capping;
Run 478;Success / Failure;true;Success
Run 478;Gesamtdauer ms;86,103;unproblematisch
Run 478;Final Placed Rooms;11;
Run 478;Open Sockets Pre-Cap;5;
Run 478;Error Cause;None;
Run 479;Varianten-ID;Capping;
Run 479;Success / Failure;true;Success
Run 479;Gesamtdauer ms;45,259;sehr schnell
Run 479;Final Placed Rooms;7;
Run 479;Open Sockets Pre-Cap;3;
Run 479;Error Cause;None;
Run 480;Varianten-ID;Capping;
Run 480;Success / Failure;true;Success
Run 480;Gesamtdauer ms;89,522;unproblematisch
Run 480;Final Placed Rooms;10;
Run 480;Open Sockets Pre-Cap;4;
Run 480;Error Cause;None;
Run 481;Varianten-ID;Capping;
Run 481;Success / Failure;true;Success
Run 481;Gesamtdauer ms;43,481;sehr schnell
Run 481;Final Placed Rooms;8;
Run 481;Open Sockets Pre-Cap;3;
Run 481;Error Cause;None;
Run 482;Varianten-ID;Capping;
Run 482;Success / Failure;true;Success
Run 482;Gesamtdauer ms;57,398;unproblematisch
Run 482;Final Placed Rooms;7;
Run 482;Open Sockets Pre-Cap;4;
Run 482;Error Cause;None;
Run 483;Varianten-ID;Capping;
Run 483;Success / Failure;true;Success
Run 483;Gesamtdauer ms;49,644;sehr schnell
Run 483;Final Placed Rooms;9;
Run 483;Open Sockets Pre-Cap;5;
Run 483;Error Cause;None;
Run 484;Varianten-ID;Capping;
Run 484;Success / Failure;true;Success
Run 484;Gesamtdauer ms;114,415;unproblematisch
Run 484;Final Placed Rooms;9;
Run 484;Open Sockets Pre-Cap;5;
Run 484;Error Cause;None;
Run 485;Varianten-ID;Capping;
Run 485;Success / Failure;true;Success
Run 485;Gesamtdauer ms;50,886;unproblematisch
Run 485;Final Placed Rooms;9;
Run 485;Open Sockets Pre-Cap;3;
Run 485;Error Cause;None;
Run 486;Varianten-ID;Capping;
Run 486;Success / Failure;true;Success
Run 486;Gesamtdauer ms;32,984;sehr schnell
Run 486;Final Placed Rooms;6;
Run 486;Open Sockets Pre-Cap;1;
Run 486;Error Cause;None;
Run 487;Varianten-ID;Capping;
Run 487;Success / Failure;true;Success
Run 487;Gesamtdauer ms;90,571;unproblematisch
Run 487;Final Placed Rooms;9;
Run 487;Open Sockets Pre-Cap;3;
Run 487;Error Cause;None;
Run 488;Varianten-ID;Capping;
Run 488;Success / Failure;true;Success
Run 488;Gesamtdauer ms;49,99;sehr schnell
Run 488;Final Placed Rooms;7;
Run 488;Open Sockets Pre-Cap;3;
Run 488;Error Cause;None;
Run 489;Varianten-ID;Capping;
Run 489;Success / Failure;true;Success
Run 489;Gesamtdauer ms;32,657;sehr schnell
Run 489;Final Placed Rooms;7;
Run 489;Open Sockets Pre-Cap;1;
Run 489;Error Cause;None;
Run 490;Varianten-ID;Capping;
Run 490;Success / Failure;true;Success
Run 490;Gesamtdauer ms;54,793;unproblematisch
Run 490;Final Placed Rooms;11;
Run 490;Open Sockets Pre-Cap;4;
Run 490;Error Cause;None;
Run 491;Varianten-ID;Capping;
Run 491;Success / Failure;false;Failure
Run 491;Gesamtdauer ms;97,455;unproblematisch
Run 491;Final Placed Rooms;0;
Run 491;Open Sockets Pre-Cap;-1;
Run 491;Error Cause;RoomLimitReachedBeforeCompletion (Overlap);
Run 492;Varianten-ID;Capping;
Run 492;Success / Failure;true;Success
Run 492;Gesamtdauer ms;143,714;unproblematisch
Run 492;Final Placed Rooms;12;
Run 492;Open Sockets Pre-Cap;3;
Run 492;Error Cause;None;
Run 493;Varianten-ID;Capping;
Run 493;Success / Failure;true;Success
Run 493;Gesamtdauer ms;142,104;unproblematisch
Run 493;Final Placed Rooms;12;
Run 493;Open Sockets Pre-Cap;3;
Run 493;Error Cause;None;
Run 494;Varianten-ID;Capping;
Run 494;Success / Failure;true;Success
Run 494;Gesamtdauer ms;128,833;unproblematisch
Run 494;Final Placed Rooms;12;
Run 494;Open Sockets Pre-Cap;3;
Run 494;Error Cause;None;
Run 495;Varianten-ID;Capping;
Run 495;Success / Failure;true;Success
Run 495;Gesamtdauer ms;64,775;unproblematisch
Run 495;Final Placed Rooms;12;
Run 495;Open Sockets Pre-Cap;3;
Run 495;Error Cause;None;
Run 496;Varianten-ID;Capping;
Run 496;Success / Failure;true;Success
Run 496;Gesamtdauer ms;44,93;sehr schnell
Run 496;Final Placed Rooms;10;
Run 496;Open Sockets Pre-Cap;2;
Run 496;Error Cause;None;
Run 497;Varianten-ID;Capping;
Run 497;Success / Failure;true;Success
Run 497;Gesamtdauer ms;38,119;sehr schnell
Run 497;Final Placed Rooms;10;
Run 497;Open Sockets Pre-Cap;2;
Run 497;Error Cause;None;
Run 498;Varianten-ID;Capping;
Run 498;Success / Failure;true;Success
Run 498;Gesamtdauer ms;31,053;sehr schnell
Run 498;Final Placed Rooms;10;
Run 498;Open Sockets Pre-Cap;4;
Run 498;Error Cause;None;
Run 499;Varianten-ID;Capping;
Run 499;Success / Failure;true;Success
Run 499;Gesamtdauer ms;51,675;unproblematisch
Run 499;Final Placed Rooms;10;
Run 499;Open Sockets Pre-Cap;3;
Run 499;Error Cause;None;
